order_id,salescheck,Shipped_date,carrier,ship_mode,tracking_number,store_number
840483548,1431720647,10/16/2017,UPS,Ground,1Z0237RY0300087885,3029
840762194,1431640896,10/09/2017,UPS,SUREPOST,1Z0237RYYW00085870,3029
842551546,1431604873,10/04/2017,UPS,Ground,1Z0237RY0300084931,3029
843210022,1431527410,09/25/2017,UPS,Ground,1Z0237RY0300083290,3029
843757566,1431537419,09/26/2017,UPS,Ground,1Z0237RY0300083656,3029
850873210,1431753095,10/18/2017,UPS,Ground,1Z0237RY0300088553,3029
851746797,1431704282,10/13/2017,UPS,SUREPOST,1Z0237RYYW00087412,3029
851973719,1431491079,09/21/2017,UPS,Ground,1Z0237RY0300082308,3029
853179549,1431506967,09/25/2017,UPS,Ground,1Z0237RY0300082675,3029
853758894,1431765277,10/19/2017,UPS,SUREPOST,1Z0237RYYW00088993,3029
853837453,1431717330,10/16/2017,UPS,SUREPOST,1Z0237RYYW00087823,3029
853921023,1431672286,10/11/2017,UPS,SUREPOST,1Z0237RYYW00086664,3029
854061192,1431535224,09/26/2017,UPS,Ground,1Z0237RY0300083496,3029
854219647,1431739612,10/16/2017,UPS,SUREPOST,1Z0237RYYW00088171,3029
854236846,1431754588,10/18/2017,UPS,SUREPOST,1Z0237RYYW00088626,3029
854668742,1431742061,10/17/2017,UPS,SUREPOST,1Z0237RYYW00088331,3029
854926692,1431730042,10/16/2017,UPS,SUREPOST,1Z0237RYYW00088064,3029
854969425,1431658321,10/09/2017,UPS,SUREPOST,1Z0237RYYW00086342,3029
854982234,1431504078,09/22/2017,UPS,SUREPOST,1Z0237RYYW00082560,3029
854986072,1431763211,10/18/2017,UPS,SUREPOST,1Z0237RYYW00088831,3029
855169609,1431510714,09/25/2017,UPS,SUREPOST,1Z0237RYYW00082748,3029
855288926,1431765894,10/19/2017,UPS,SUREPOST,1Z0237RYYW00089027,3029
855374094,1431515459,09/25/2017,UPS,SUREPOST,1Z0237RYYW00082864,3029
855382789,1431594622,10/03/2017,UPS,Ground,1Z0237RY0300084762,3029
855382789,1431594622,10/03/2017,UPS,Ground,1Z0237RY0300084753,3029
855577110,1431513339,09/25/2017,UPS,SUREPOST,1Z0237RYYW00082800,3029
855588614,1431499397,09/22/2017,UPS,Ground,1Z0237RY0300082522,3029
855647505,1431556183,09/29/2017,UPS,Ground,1Z0237RY0300083969,3029
855739213,1431705039,10/16/2017,UPS,SUREPOST,1Z0237RYYW00087494,3029
855777581,1431521159,09/25/2017,UPS,Ground,1Z0237RY0300083101,3029
855781853,1431506729,09/25/2017,UPS,Ground,1Z0237RY0300082684,3029
855838741,1431521061,09/25/2017,UPS,SUREPOST,1Z0237RYYW00083096,3029
855853031,1431721243,10/16/2017,UPS,Ground,1Z0237RY0300087858,3029
855872667,1431474282,09/20/2017,UPS,SUREPOST,1Z0237RYYW00082015,3029
855882479,1431481575,09/20/2017,UPS,Ground,1Z0237RY0300082175,3029
855906665,1431544514,09/27/2017,UPS,SUREPOST,1Z0237RYYW00083738,3029
855925312,1431498993,09/22/2017,UPS,Ground,1Z0237RY0300082479,3029
855996497,1431469427,09/19/2017,UPS,Ground,1Z0237RY0300081774,3029
856041975,1431470392,09/19/2017,UPS,Ground,1Z0237RY0300081792,3029
856041975,1431470392,09/19/2017,UPS,Ground,1Z0237RY0300081809,3029
856081208,1431469167,09/19/2017,UPS,Ground,1Z0237RY0300081765,3029
856082475,1431469195,09/19/2017,UPS,Ground,1Z0237RY0300081783,3029
856088849,1431469900,09/19/2017,UPS,SUREPOST,1Z0237RYYW00081758,3029
856091390,1431470309,09/19/2017,UPS,Ground,1Z0237RY0300081710,3029
856091745,1431470448,09/19/2017,UPS,SUREPOST,1Z0237RYYW00081749,3029
856093073,1431470434,09/19/2017,UPS,Ground,1Z0237RY0300081738,3029
856093126,1431471270,09/19/2017,UPS,SUREPOST,1Z0237RYYW00081721,3029
856102032,1431472079,09/19/2017,UPS,Ground,1Z0237RY0300081854,3029
856103679,1431472313,09/19/2017,UPS,SUREPOST,1Z0237RYYW00081810,3029
856104367,1431472586,09/19/2017,UPS,Ground,1Z0237RY0300081872,3029
856105652,1431472665,09/19/2017,UPS,Ground,1Z0237RY0300081863,3029
856105654,1431472797,09/19/2017,UPS,Ground,1Z0237RY0300081836,3029
856106298,1431472849,09/19/2017,UPS,SUREPOST,1Z0237RYYW00081829,3029
856108468,1431473114,09/19/2017,UPS,Ground,1Z0237RY0300081845,3029
856111907,1431473730,09/20/2017,UPS,Ground,1Z0237RY0300081907,3029
856112287,1431473577,09/20/2017,UPS,SUREPOST,1Z0237RYYW00081918,3029
856114372,1431474533,09/20/2017,UPS,SUREPOST,1Z0237RYYW00081936,3029
856114800,1431491641,09/21/2017,UPS,Ground,1Z0237RY0300082282,3029
856114941,1431474546,09/20/2017,UPS,Ground,1Z0237RY0300081925,3029
856115344,1431474571,09/20/2017,UPS,Ground,1Z0237RY0300081881,3029
856117283,1431475165,09/20/2017,UPS,Ground,1Z0237RY0300081943,3029
856120214,1431536334,09/26/2017,UPS,Ground,1Z0237RY0300083512,3029
856125090,1431479496,09/20/2017,UPS,SUREPOST,1Z0237RYYW00082051,3029
856130337,1431478814,09/20/2017,UPS,Ground,1Z0237RY0300081970,3029
856131214,1431477718,09/20/2017,UPS,Ground,1Z0237RY0300081998,3029
856131214,1431477718,09/20/2017,UPS,Ground,1Z0237RY0300082004,3029
856131614,1431477666,09/20/2017,UPS,SUREPOST,1Z0237RYYW00081963,3029
856131915,1431487199,09/21/2017,UPS,Ground,1Z0237RY0300082228,3029
856132484,1431479588,09/20/2017,UPS,SUREPOST,1Z0237RYYW00082079,3029
856135558,1431478531,09/20/2017,UPS,Ground,1Z0237RY0300081952,3029
856136135,1431481645,09/20/2017,UPS,Ground,1Z0237RY0300082200,3029
856136561,1431478530,09/20/2017,UPS,Ground,1Z0237RY0300081890,3029
856137720,1431478809,09/20/2017,UPS,Ground,1Z0237RY0300081989,3029
856139845,1431479229,09/20/2017,UPS,Ground,1Z0237RY0300082068,3029
856142492,1431480006,09/20/2017,UPS,SUREPOST,1Z0237RYYW00082042,3029
856142854,1431479765,09/20/2017,UPS,Ground,1Z0237RY0300082102,3029
856142854,1431479765,09/20/2017,UPS,Ground,1Z0237RY0300082111,3029
856144137,1431477638,09/20/2017,UPS,Ground,1Z0237RY0300082086,3029
856144137,1431478705,09/20/2017,UPS,Ground,1Z0237RY0300082031,3029
856146000,1431480286,09/20/2017,UPS,Ground,1Z0237RY0300082095,3029
856146904,1431481794,09/20/2017,UPS,SUREPOST,1Z0237RYYW00082195,3029
856147997,1431480566,09/20/2017,UPS,SUREPOST,1Z0237RYYW00082140,3029
856148143,1431480637,09/20/2017,UPS,SUREPOST,1Z0237RYYW00082131,3029
856148691,1431480887,09/20/2017,UPS,Ground,1Z0237RY0300082022,3029
856149075,1431480620,09/20/2017,UPS,Ground,1Z0237RY0300082157,3029
856149773,1431480817,09/20/2017,UPS,Ground,1Z0237RY0300082120,3029
856152427,1431481456,09/20/2017,UPS,SUREPOST,1Z0237RYYW00082186,3029
856154728,1431481632,09/20/2017,UPS,Ground,1Z0237RY0300082166,3029
856158478,1431487418,09/21/2017,UPS,SUREPOST,1Z0237RYYW00082211,3029
856163690,1431625743,10/06/2017,UPS,Ground,1Z0237RY0300085458,3029
856166782,1431502007,09/22/2017,UPS,Ground,1Z0237RY0300082657,3029
856166782,1431502007,09/22/2017,UPS,Ground,1Z0237RY0300082666,3029
856174146,1431565625,09/29/2017,UPS,Ground,1Z0237RY0300084182,3029
856192833,1431488964,09/21/2017,UPS,Ground,1Z0237RY0300082237,3029
856196137,1431489193,09/21/2017,UPS,Ground,1Z0237RY0300082246,3029
856198111,1431489633,09/21/2017,UPS,Ground,1Z0237RY0300082255,3029
856206913,1431492752,09/21/2017,UPS,Ground,1Z0237RY0300082362,3029
856208263,1431491323,09/21/2017,UPS,Ground,1Z0237RY0300082264,3029
856208394,1431491476,09/21/2017,UPS,Ground,1Z0237RY0300082291,3029
856208811,1431491505,09/21/2017,UPS,Ground,1Z0237RY0300082326,3029
856208926,1431491499,09/21/2017,UPS,SUREPOST,1Z0237RYYW00082275,3029
856208969,1431491372,09/21/2017,UPS,Ground,1Z0237RY0300082317,3029
856210423,1431491794,09/25/2017,UPS,Ground,1Z0237RY0300082693,3029
856210423,1431491794,09/25/2017,UPS,Ground,1Z0237RY0300082700,3029
856210423,1431491794,09/25/2017,UPS,Ground,1Z0237RY0300082719,3029
856211024,1431491903,09/21/2017,UPS,Ground,1Z0237RY0300082424,3029
856211437,1431491961,09/21/2017,UPS,Ground,1Z0237RY0300082335,3029
856211789,1431492272,09/21/2017,UPS,SUREPOST,1Z0237RYYW00082373,3029
856213517,1431492297,09/21/2017,UPS,Ground,1Z0237RY0300082415,3029
856215631,1431492797,09/21/2017,UPS,Ground,1Z0237RY0300082451,3029
856216834,1431493027,09/21/2017,UPS,SUREPOST,1Z0237RYYW00082408,3029
856217732,1431493205,09/21/2017,UPS,Ground,1Z0237RY0300082353,3029
856217907,1431493077,09/21/2017,UPS,SUREPOST,1Z0237RYYW00082391,3029
856218629,1431493717,09/21/2017,UPS,SUREPOST,1Z0237RYYW00082444,3029
856220397,1431493539,09/21/2017,UPS,Ground,1Z0237RY0300082344,3029
856220920,1431500493,09/22/2017,UPS,SUREPOST,1Z0237RYYW00082542,3029
856221550,1431494092,09/21/2017,UPS,SUREPOST,1Z0237RYYW00082435,3029
856230537,1431496243,09/21/2017,UPS,Ground,1Z0237RY0300082380,3029
856233830,1431497041,09/22/2017,UPS,Ground,1Z0237RY0300082504,3029
856235969,1431497195,09/22/2017,UPS,Ground,1Z0237RY0300082497,3029
856237749,1431497681,09/22/2017,UPS,SUREPOST,1Z0237RYYW00082480,3029
856241717,1431499920,09/22/2017,UPS,Ground,1Z0237RY0300082559,3029
856244854,1431498719,09/22/2017,UPS,SUREPOST,1Z0237RYYW00082462,3029
856245096,1431522374,09/25/2017,UPS,Ground,1Z0237RY0300083012,3029
856247407,1431519099,09/25/2017,UPS,Ground,1Z0237RY0300082942,3029
856247582,1431499310,09/22/2017,UPS,Ground,1Z0237RY0300082513,3029
856254066,1431503275,09/22/2017,UPS,Ground,1Z0237RY0300082531,3029
856256123,1431553228,09/28/2017,UPS,SUREPOST,1Z0237RYYW00083881,3029
856263425,1431504063,09/22/2017,UPS,Ground,1Z0237RY0300082595,3029
856266957,1431503024,09/22/2017,UPS,Ground,1Z0237RY0300082611,3029
856273521,1431504302,09/22/2017,UPS,Ground,1Z0237RY0300082577,3029
856275906,1431504720,09/22/2017,UPS,Ground,1Z0237RY0300082602,3029
856275953,1431504721,09/22/2017,UPS,Ground,1Z0237RY0300082620,3029
856276059,1431505044,09/22/2017,UPS,Ground,1Z0237RY0300082639,3029
856276059,1431505044,09/22/2017,UPS,Ground,1Z0237RY0300082648,3029
856276575,1431504922,09/22/2017,UPS,Ground,1Z0237RY0300082586,3029
856281889,1431506156,09/25/2017,UPS,Ground,1Z0237RY0300083192,3029
856283922,1431506515,09/25/2017,UPS,SUREPOST,1Z0237RYYW00082720,3029
856284615,1431506609,09/25/2017,UPS,Ground,1Z0237RY0300082737,3029
856290111,1431507635,09/25/2017,UPS,SUREPOST,1Z0237RYYW00082775,3029
856292242,1431507983,09/25/2017,UPS,Ground,1Z0237RY0300082899,3029
856292242,1431507983,09/25/2017,UPS,Ground,1Z0237RY0300082880,3029
856292925,1431508317,09/25/2017,UPS,Ground,1Z0237RY0300082755,3029
856300417,1431509875,09/25/2017,UPS,Ground,1Z0237RY0300082764,3029
856300820,1431527258,09/25/2017,UPS,SUREPOST,1Z0237RYYW00083434,3029
856307896,1431523053,09/25/2017,UPS,Ground,1Z0237RY0300082997,3029
856310660,1431512051,09/25/2017,UPS,Ground,1Z0237RY0300082782,3029
856315432,1431563923,09/29/2017,UPS,Ground,1Z0237RY0300084066,3029
856321988,1431514123,09/25/2017,UPS,Ground,1Z0237RY0300082791,3029
856323717,1431515657,09/25/2017,UPS,SUREPOST,1Z0237RYYW00082819,3029
856324771,1431514921,09/25/2017,UPS,SUREPOST,1Z0237RYYW00082953,3029
856325372,1431514935,09/25/2017,UPS,Ground,1Z0237RY0300082835,3029
856325534,1431516594,09/25/2017,UPS,Ground,1Z0237RY0300082871,3029
856326274,1431538346,09/26/2017,UPS,SUREPOST,1Z0237RYYW00083630,3029
856327498,1431515229,09/25/2017,UPS,SUREPOST,1Z0237RYYW00082855,3029
856330413,1431515636,09/25/2017,UPS,Ground,1Z0237RY0300082844,3029
856332282,1431516612,09/25/2017,UPS,SUREPOST,1Z0237RYYW00082828,3029
856336218,1431521739,09/25/2017,UPS,Ground,1Z0237RY0300083021,3029
856339012,1431517872,09/25/2017,UPS,SUREPOST,1Z0237RYYW00082917,3029
856339884,1431517893,09/25/2017,UPS,Ground,1Z0237RY0300082924,3029
856340391,1431517876,09/25/2017,UPS,Ground,1Z0237RY0300082933,3029
856340499,1431523285,09/25/2017,UPS,Ground,1Z0237RY0300083129,3029
856341295,1431516427,09/25/2017,UPS,SUREPOST,1Z0237RYYW00082908,3029
856342928,1431532701,09/25/2017,UPS,Ground,1Z0237RY0300083334,3029
856347082,1431519260,09/25/2017,UPS,SUREPOST,1Z0237RYYW00082962,3029
856347284,1431519474,09/25/2017,UPS,Ground,1Z0237RY0300082979,3029
856349052,1431517733,09/25/2017,UPS,Ground,1Z0237RY0300083076,3029
856354074,1431519944,09/25/2017,UPS,Ground,1Z0237RY0300083165,3029
856355382,1431520566,09/25/2017,UPS,Ground,1Z0237RY0300083110,3029
856356838,1431520740,09/25/2017,UPS,SUREPOST,1Z0237RYYW00083069,3029
856358077,1431521067,09/25/2017,UPS,Ground,1Z0237RY0300083085,3029
856359971,1431521185,09/25/2017,UPS,Ground,1Z0237RY0300083030,3029
856361498,1431529340,09/25/2017,UPS,SUREPOST,1Z0237RYYW00083238,3029
856362043,1431519986,09/25/2017,UPS,SUREPOST,1Z0237RYYW00083274,3029
856362441,1431521827,09/25/2017,UPS,Ground,1Z0237RY0300083003,3029
856365610,1431522181,09/25/2017,UPS,Ground,1Z0237RY0300083058,3029
856369004,1431522902,09/25/2017,UPS,Ground,1Z0237RY0300082988,3029
856369793,1431523094,09/25/2017,UPS,Ground,1Z0237RY0300083049,3029
856370178,1431523245,09/25/2017,UPS,Ground,1Z0237RY0300083263,3029
856371371,1431523709,09/25/2017,UPS,Ground,1Z0237RY0300083174,3029
856382191,1431529078,09/25/2017,UPS,Ground,1Z0237RY0300083325,3029
856385243,1431526453,09/25/2017,UPS,Ground,1Z0237RY0300083156,3029
856387015,1431526604,09/25/2017,UPS,SUREPOST,1Z0237RYYW00083318,3029
856389434,1431528082,09/25/2017,UPS,Ground,1Z0237RY0300083138,3029
856390686,1431527134,09/25/2017,UPS,Ground,1Z0237RY0300083147,3029
856397753,1431531281,09/25/2017,UPS,Ground,1Z0237RY0300083405,3029
856398770,1431528276,09/25/2017,UPS,SUREPOST,1Z0237RYYW00083185,3029
856399110,1431528653,09/25/2017,UPS,Ground,1Z0237RY0300083245,3029
856400292,1431530495,09/25/2017,UPS,Ground,1Z0237RY0300083281,3029
856401084,1431528793,09/25/2017,UPS,SUREPOST,1Z0237RYYW00083443,3029
856401799,1431527796,09/25/2017,UPS,Ground,1Z0237RY0300083307,3029
856402323,1431529147,09/25/2017,UPS,SUREPOST,1Z0237RYYW00083229,3029
856405715,1431529222,09/25/2017,UPS,Ground,1Z0237RY0300083218,3029
856406764,1431557654,09/29/2017,UPS,Ground,1Z0237RY0300083950,3029
856408445,1431528317,09/25/2017,UPS,SUREPOST,1Z0237RYYW00083201,3029
856411030,1431530105,09/25/2017,UPS,Ground,1Z0237RY0300083254,3029
856414506,1431530364,09/25/2017,UPS,SUREPOST,1Z0237RYYW00083363,3029
856419546,1431531452,09/25/2017,UPS,Ground,1Z0237RY0300083398,3029
856419820,1431576948,10/02/2017,UPS,Ground,1Z0237RY0300084262,3029
856422030,1431531851,09/25/2017,UPS,Ground,1Z0237RY0300083423,3029
856422649,1431532239,09/25/2017,UPS,SUREPOST,1Z0237RYYW00083345,3029
856422964,1431532111,09/25/2017,UPS,SUREPOST,1Z0237RYYW00083354,3029
856424151,1431532136,09/25/2017,UPS,SUREPOST,1Z0237RYYW00083416,3029
856427656,1431532893,09/25/2017,UPS,Ground,1Z0237RY0300083370,3029
856430305,1431533349,09/25/2017,UPS,Ground,1Z0237RY0300083389,3029
856436160,1431533790,09/26/2017,UPS,Ground,1Z0237RY0300083450,3029
856438408,1431534363,09/26/2017,UPS,Ground,1Z0237RY0300083469,3029
856439197,1431534524,09/26/2017,UPS,Ground,1Z0237RY0300083487,3029
856440883,1431534639,09/26/2017,UPS,SUREPOST,1Z0237RYYW00083470,3029
856442264,1431619843,10/05/2017,UPS,Ground,1Z0237RY0300085314,3029
856446657,1431708984,10/16/2017,UPS,SUREPOST,1Z0237RYYW00087618,3029
856446829,1431535512,09/26/2017,UPS,Ground,1Z0237RY0300083503,3029
856458705,1431537504,09/26/2017,UPS,Ground,1Z0237RY0300083521,3029
856462279,1431537992,09/26/2017,UPS,SUREPOST,1Z0237RYYW00083578,3029
856471697,1431539222,09/26/2017,UPS,SUREPOST,1Z0237RYYW00083649,3029
856472471,1431539219,09/26/2017,UPS,SUREPOST,1Z0237RYYW00083587,3029
856473157,1431542833,09/27/2017,UPS,SUREPOST,1Z0237RYYW00083667,3029
856474603,1431539535,09/26/2017,UPS,SUREPOST,1Z0237RYYW00083596,3029
856477355,1431540157,09/26/2017,UPS,Ground,1Z0237RY0300083549,3029
856478889,1431540579,09/26/2017,UPS,Ground,1Z0237RY0300083601,3029
856480737,1431541085,09/26/2017,UPS,SUREPOST,1Z0237RYYW00083612,3029
856483267,1431541317,09/26/2017,UPS,Ground,1Z0237RY0300083629,3029
856483454,1431541179,09/26/2017,UPS,Ground,1Z0237RY0300083567,3029
856483454,1431541179,09/26/2017,UPS,Ground,1Z0237RY0300083558,3029
856487246,1431549620,09/27/2017,UPS,Ground,1Z0237RY0300083825,3029
856487581,1431542171,09/27/2017,UPS,Ground,1Z0237RY0300083683,3029
856489580,1431545357,09/27/2017,UPS,SUREPOST,1Z0237RYYW00083747,3029
856498202,1431544119,09/27/2017,UPS,Ground,1Z0237RY0300083674,3029
856500652,1431544457,09/27/2017,UPS,SUREPOST,1Z0237RYYW00083694,3029
856501220,1431544614,09/27/2017,UPS,SUREPOST,1Z0237RYYW00083701,3029
856501277,1431544438,09/27/2017,UPS,SUREPOST,1Z0237RYYW00083729,3029
856502242,1431544705,09/27/2017,UPS,SUREPOST,1Z0237RYYW00083710,3029
856507967,1431545847,09/27/2017,UPS,SUREPOST,1Z0237RYYW00083765,3029
856512917,1431546549,09/27/2017,UPS,SUREPOST,1Z0237RYYW00083756,3029
856513191,1431546504,09/27/2017,UPS,SUREPOST,1Z0237RYYW00083818,3029
856516609,1431546702,09/27/2017,UPS,SUREPOST,1Z0237RYYW00083792,3029
856517602,1431567559,09/29/2017,UPS,SUREPOST,1Z0237RYYW00084200,3029
856525552,1431548638,09/27/2017,UPS,Ground,1Z0237RY0300083843,3029
856528513,1431548997,09/27/2017,UPS,Ground,1Z0237RY0300083781,3029
856531389,1431668008,10/10/2017,UPS,SUREPOST,1Z0237RYYW00086502,3029
856531516,1431549702,09/27/2017,UPS,Ground,1Z0237RY0300083772,3029
856532267,1431607798,10/04/2017,UPS,Ground,1Z0237RY0300085047,3029
856533624,1431550101,09/28/2017,UPS,SUREPOST,1Z0237RYYW00083854,3029
856534610,1431550498,09/27/2017,UPS,Ground,1Z0237RY0300083834,3029
856535752,1431550534,09/27/2017,UPS,Ground,1Z0237RY0300083807,3029
856543213,1431552188,09/28/2017,UPS,Ground,1Z0237RY0300083870,3029
856545797,1431552702,09/28/2017,UPS,Ground,1Z0237RY0300083861,3029
856546107,1431552609,09/28/2017,UPS,SUREPOST,1Z0237RYYW00083890,3029
856553925,1431562725,09/29/2017,UPS,SUREPOST,1Z0237RYYW00084059,3029
856556904,1431676460,10/11/2017,UPS,SUREPOST,1Z0237RYYW00086842,3029
856557033,1431554500,09/29/2017,UPS,SUREPOST,1Z0237RYYW00084013,3029
856557754,1431554519,09/28/2017,UPS,SUREPOST,1Z0237RYYW00083916,3029
856558915,1431554581,09/29/2017,UPS,Ground,1Z0237RY0300084020,3029
856559411,1431554815,09/28/2017,UPS,Ground,1Z0237RY0300083905,3029
856560933,1431555200,09/28/2017,UPS,SUREPOST,1Z0237RYYW00083934,3029
856561010,1431555187,09/28/2017,UPS,SUREPOST,1Z0237RYYW00083925,3029
856567864,1431556330,09/29/2017,UPS,SUREPOST,1Z0237RYYW00083998,3029
856567864,1431556330,09/29/2017,UPS,SUREPOST,1Z0237RYYW00083989,3029
856569285,1431575738,10/02/2017,UPS,SUREPOST,1Z0237RYYW00084246,3029
856569582,1431559258,09/29/2017,UPS,SUREPOST,1Z0237RYYW00084004,3029
856571272,1431556904,09/29/2017,UPS,SUREPOST,1Z0237RYYW00083943,3029
856573582,1431557630,09/29/2017,UPS,Ground,1Z0237RY0300083978,3029
856586630,1431562406,09/29/2017,UPS,Ground,1Z0237RY0300084039,3029
856586907,1431560572,09/29/2017,UPS,SUREPOST,1Z0237RYYW00084040,3029
856592740,1431564318,09/29/2017,UPS,Ground,1Z0237RY0300084084,3029
856606730,1431558917,10/02/2017,UPS,Ground,1Z0237RY0300084413,3029
856607108,1431564095,09/29/2017,UPS,Ground,1Z0237RY0300084075,3029
856608305,1431564246,09/29/2017,UPS,Ground,1Z0237RY0300084119,3029
856609415,1431564413,09/29/2017,UPS,Ground,1Z0237RY0300084164,3029
856610039,1431564595,09/29/2017,UPS,Ground,1Z0237RY0300084093,3029
856611284,1431572053,10/02/2017,UPS,SUREPOST,1Z0237RYYW00084335,3029
856614507,1431565476,09/29/2017,UPS,Ground,1Z0237RY0300084100,3029
856617136,1431565983,09/29/2017,UPS,SUREPOST,1Z0237RYYW00084139,3029
856617239,1431566438,09/29/2017,UPS,SUREPOST,1Z0237RYYW00084148,3029
856617342,1431566048,09/29/2017,UPS,Ground,1Z0237RY0300084128,3029
856617923,1431566205,09/29/2017,UPS,SUREPOST,1Z0237RYYW00084157,3029
856620767,1431566727,09/29/2017,UPS,Ground,1Z0237RY0300084191,3029
856622910,1431697336,10/13/2017,UPS,Ground,1Z0237RY0300087296,3029
856623108,1431610283,10/04/2017,UPS,Ground,1Z0237RY0300085074,3029
856625068,1431567685,09/29/2017,UPS,Ground,1Z0237RY0300084173,3029
856628489,1431576771,10/02/2017,UPS,Ground,1Z0237RY0300084280,3029
856633065,1431569708,10/02/2017,UPS,SUREPOST,1Z0237RYYW00084219,3029
856639505,1431571079,10/02/2017,UPS,Ground,1Z0237RY0300084226,3029
856641205,1431580866,10/02/2017,UPS,Ground,1Z0237RY0300084422,3029
856641785,1431571387,10/02/2017,UPS,SUREPOST,1Z0237RYYW00084326,3029
856646532,1431572591,10/02/2017,UPS,SUREPOST,1Z0237RYYW00084344,3029
856652827,1431573855,10/02/2017,UPS,Ground,1Z0237RY0300084315,3029
856653487,1431573959,10/02/2017,UPS,Ground,1Z0237RY0300084351,3029
856659368,1431575300,10/02/2017,UPS,Ground,1Z0237RY0300084306,3029
856659417,1431574929,10/02/2017,UPS,SUREPOST,1Z0237RYYW00084399,3029
856661238,1431575609,10/02/2017,UPS,Ground,1Z0237RY0300084404,3029
856663329,1431575674,10/02/2017,UPS,Ground,1Z0237RY0300084271,3029
856665984,1431576178,10/02/2017,UPS,Ground,1Z0237RY0300084235,3029
856671619,1431577572,10/02/2017,UPS,Ground,1Z0237RY0300084299,3029
856678826,1431579101,10/02/2017,UPS,Ground,1Z0237RY0300084360,3029
856681498,1431606053,10/04/2017,UPS,Ground,1Z0237RY0300085010,3029
856681631,1431579734,10/02/2017,UPS,Ground,1Z0237RY0300084539,3029
856682150,1431579571,10/02/2017,UPS,Ground,1Z0237RY0300084379,3029
856682774,1431579902,10/02/2017,UPS,Ground,1Z0237RY0300084388,3029
856684505,1431580191,10/02/2017,UPS,SUREPOST,1Z0237RYYW00084442,3029
856684796,1431580033,10/02/2017,UPS,SUREPOST,1Z0237RYYW00084433,3029
856685417,1431655198,10/09/2017,UPS,Ground,1Z0237RY0300086206,3029
856692739,1431583477,10/02/2017,UPS,Ground,1Z0237RY0300084468,3029
856695611,1431581978,10/02/2017,UPS,SUREPOST,1Z0237RYYW00084504,3029
856700347,1431583018,10/02/2017,UPS,Ground,1Z0237RY0300084593,3029
856704470,1431584238,10/02/2017,UPS,Ground,1Z0237RY0300084708,3029
856704581,1431583307,10/02/2017,UPS,Ground,1Z0237RY0300084575,3029
856709796,1431586002,10/02/2017,UPS,Ground,1Z0237RY0300084548,3029
856710814,1431584173,10/02/2017,UPS,Ground,1Z0237RY0300084600,3029
856711229,1431584348,10/02/2017,UPS,Ground,1Z0237RY0300084566,3029
856713969,1431584907,10/02/2017,UPS,Ground,1Z0237RY0300084520,3029
856714744,1431585042,10/02/2017,UPS,SUREPOST,1Z0237RYYW00084488,3029
856717150,1431585606,10/02/2017,UPS,SUREPOST,1Z0237RYYW00084497,3029
856717424,1431585681,10/02/2017,UPS,SUREPOST,1Z0237RYYW00084513,3029
856717766,1431585467,10/02/2017,UPS,Ground,1Z0237RY0300084477,3029
856719260,1431587650,10/02/2017,UPS,Ground,1Z0237RY0300084619,3029
856719894,1431585990,10/02/2017,UPS,Ground,1Z0237RY0300084584,3029
856726260,1431587133,10/02/2017,UPS,Ground,1Z0237RY0300084557,3029
856727889,1431597778,10/03/2017,UPS,Ground,1Z0237RY0300084815,3029
856734072,1431588388,10/03/2017,UPS,Ground,1Z0237RY0300084744,3029
856737556,1431588901,10/02/2017,UPS,Ground,1Z0237RY0300084459,3029
856759028,1431591941,10/02/2017,UPS,SUREPOST,1Z0237RYYW00084693,3029
856760532,1431591985,10/02/2017,UPS,Ground,1Z0237RY0300084682,3029
856761232,1431592185,10/02/2017,UPS,SUREPOST,1Z0237RYYW00084666,3029
856761767,1431592339,10/02/2017,UPS,Ground,1Z0237RY0300084646,3029
856762254,1431592334,10/02/2017,UPS,Ground,1Z0237RY0300084655,3029
856763079,1431592527,10/02/2017,UPS,Ground,1Z0237RY0300084628,3029
856763226,1431592748,10/02/2017,UPS,Ground,1Z0237RY0300084637,3029
856767181,1431593310,10/03/2017,UPS,Ground,1Z0237RY0300084717,3029
856772523,1431594208,10/02/2017,UPS,SUREPOST,1Z0237RYYW00084675,3029
856779046,1431595071,10/03/2017,UPS,Ground,1Z0237RY0300084726,3029
856785589,1431596050,10/03/2017,UPS,SUREPOST,1Z0237RYYW00084737,3029
856789795,1431668803,10/10/2017,UPS,Ground,1Z0237RY0300086537,3029
856791471,1431574238,10/03/2017,UPS,Ground,1Z0237RY0300084888,3029
856793772,1431597029,10/03/2017,UPS,Ground,1Z0237RY0300084897,3029
856795328,1431597273,10/03/2017,UPS,SUREPOST,1Z0237RYYW00084853,3029
856796271,1431597529,10/03/2017,UPS,Ground,1Z0237RY0300084860,3029
856802090,1431598527,10/03/2017,UPS,SUREPOST,1Z0237RYYW00084791,3029
856806542,1431627384,10/06/2017,UPS,Ground,1Z0237RY0300085501,3029
856806632,1431599037,10/03/2017,UPS,SUREPOST,1Z0237RYYW00084826,3029
856808360,1431599643,10/03/2017,UPS,Ground,1Z0237RY0300084771,3029
856812165,1431600070,10/03/2017,UPS,Ground,1Z0237RY0300084879,3029
856813649,1431600496,10/03/2017,UPS,SUREPOST,1Z0237RYYW00084782,3029
856815844,1431665619,10/10/2017,UPS,Ground,1Z0237RY0300086466,3029
856816492,1431601213,10/03/2017,UPS,Ground,1Z0237RY0300084842,3029
856817718,1431601246,10/03/2017,UPS,SUREPOST,1Z0237RYYW00084835,3029
856818362,1431601280,10/03/2017,UPS,SUREPOST,1Z0237RYYW00084808,3029
856826193,1431603239,10/04/2017,UPS,Ground,1Z0237RY0300084959,3029
856832996,1431604166,10/04/2017,UPS,SUREPOST,1Z0237RYYW00084979,3029
856832996,1431604166,10/04/2017,UPS,SUREPOST,1Z0237RYYW00084988,3029
856834207,1431585775,10/04/2017,UPS,Ground,1Z0237RY0300084913,3029
856834207,1431585775,10/04/2017,UPS,Ground,1Z0237RY0300084922,3029
856834387,1431604211,10/04/2017,UPS,Ground,1Z0237RY0300084940,3029
856835440,1431604434,10/04/2017,UPS,SUREPOST,1Z0237RYYW00084960,3029
856838136,1431605084,10/04/2017,UPS,Ground,1Z0237RY0300084995,3029
856841409,1431624987,10/06/2017,UPS,Ground,1Z0237RY0300085449,3029
856841598,1431606062,10/04/2017,UPS,SUREPOST,1Z0237RYYW00085003,3029
856843345,1431632032,10/06/2017,UPS,Ground,1Z0237RY0300085574,3029
856843981,1431674412,10/11/2017,UPS,SUREPOST,1Z0237RYYW00086799,3029
856849210,1431607042,10/04/2017,UPS,Ground,1Z0237RY0300085038,3029
856852594,1431607245,10/04/2017,UPS,SUREPOST,1Z0237RYYW00085021,3029
856853379,1431607524,10/04/2017,UPS,Ground,1Z0237RY0300085056,3029
856861132,1431627763,10/06/2017,UPS,SUREPOST,1Z0237RYYW00085601,3029
856861638,1431606478,10/04/2017,UPS,Ground,1Z0237RY0300085136,3029
856864224,1431619385,10/05/2017,UPS,SUREPOST,1Z0237RYYW00085370,3029
856864271,1431609037,10/04/2017,UPS,Ground,1Z0237RY0300085127,3029
856864567,1431608722,10/04/2017,UPS,Ground,1Z0237RY0300085065,3029
856865303,1431609225,10/04/2017,UPS,Ground,1Z0237RY0300085092,3029
856866685,1431609085,10/04/2017,UPS,Ground,1Z0237RY0300085118,3029
856870340,1431665723,10/10/2017,UPS,SUREPOST,1Z0237RYYW00086486,3029
856871123,1431610220,10/04/2017,UPS,SUREPOST,1Z0237RYYW00085085,3029
856872343,1431610125,10/04/2017,UPS,Ground,1Z0237RY0300085154,3029
856874968,1431610282,10/04/2017,UPS,Ground,1Z0237RY0300085109,3029
856878455,1431611309,10/04/2017,UPS,Ground,1Z0237RY0300085181,3029
856880203,1431611577,10/04/2017,UPS,SUREPOST,1Z0237RY0300085172,3029
856880327,1431611088,10/04/2017,UPS,SUREPOST,1Z0237RYYW00085147,3029
856881187,1431611733,10/04/2017,UPS,Ground,1Z0237RY0300085163,3029
856881833,1431618847,10/06/2017,UPS,Ground,1Z0237RY0300085396,3029
856890906,1431654163,10/09/2017,UPS,Ground,1Z0237RY0300086171,3029
856897025,1431623607,10/06/2017,UPS,Ground,1Z0237RY0300085430,3029
856901639,1431616114,10/05/2017,UPS,SUREPOST,1Z0237RYYW00085209,3029
856903380,1431616455,10/05/2017,UPS,Ground,1Z0237RY0300085243,3029
856904413,1431616138,10/05/2017,UPS,SUREPOST,1Z0237RYYW00085218,3029
856904832,1431616411,10/05/2017,UPS,SUREPOST,1Z0237RYYW00085192,3029
856905573,1431616175,10/05/2017,UPS,SUREPOST,1Z0237RYYW00085263,3029
856906439,1431617016,10/05/2017,UPS,Ground,1Z0237RY0300085234,3029
856906477,1431617091,10/05/2017,UPS,Ground,1Z0237RY0300085252,3029
856908554,1431617471,10/05/2017,UPS,Ground,1Z0237RY0300085341,3029
856909430,1431617641,10/05/2017,UPS,Ground,1Z0237RY0300085225,3029
856914184,1431618217,10/05/2017,UPS,Ground,1Z0237RY0300085305,3029
856915554,1431618285,10/06/2017,UPS,Ground,1Z0237RY0300085403,3029
856917889,1431618774,10/05/2017,UPS,SUREPOST,1Z0237RYYW00085272,3029
856918177,1431619353,10/05/2017,UPS,Ground,1Z0237RY0300085323,3029
856920548,1431619543,10/05/2017,UPS,Ground,1Z0237RY0300085387,3029
856923244,1431621111,10/06/2017,UPS,Ground,1Z0237RY0300085421,3029
856923244,1431621111,10/06/2017,UPS,Ground,1Z0237RY0300085412,3029
856926161,1431620953,10/05/2017,UPS,Ground,1Z0237RY0300085298,3029
856926368,1431620949,10/05/2017,UPS,Ground,1Z0237RY0300085350,3029
856930258,1431622106,10/05/2017,UPS,Ground,1Z0237RY0300085289,3029
856930388,1431621723,10/05/2017,UPS,Ground,1Z0237RY0300085332,3029
856932332,1431622333,10/05/2017,UPS,SUREPOST,1Z0237RYYW00085361,3029
856936861,1431635241,10/09/2017,UPS,SUREPOST,1Z0237RYYW00085736,3029
856941646,1431624016,10/06/2017,UPS,SUREPOST,1Z0237RYYW00085469,3029
856943148,1431624160,10/06/2017,UPS,Ground,1Z0237RY0300085476,3029
856945752,1431624773,10/06/2017,UPS,Ground,1Z0237RY0300085494,3029
856948411,1431625278,10/06/2017,UPS,Ground,1Z0237RY0300085485,3029
856955899,1431626222,10/06/2017,UPS,Ground,1Z0237RY0300085510,3029
856958430,1431644098,10/09/2017,UPS,Ground,1Z0237RY0300086064,3029
856960338,1431627720,10/06/2017,UPS,Ground,1Z0237RY0300085583,3029
856963327,1431628015,10/06/2017,UPS,Ground,1Z0237RY0300085565,3029
856964846,1431638497,10/09/2017,UPS,SUREPOST,1Z0237RYYW00085790,3029
856965394,1431628318,10/06/2017,UPS,SUREPOST,1Z0237RYYW00085530,3029
856967632,1431628747,10/06/2017,UPS,SUREPOST,1Z0237RYYW00085610,3029
856972220,1431628707,10/06/2017,UPS,SUREPOST,1Z0237RYYW00085594,3029
856973236,1431628929,10/06/2017,UPS,Ground,1Z0237RY0300085556,3029
856974222,1431630246,10/06/2017,UPS,Ground,1Z0237RY0300085627,3029
856974222,1431630246,10/06/2017,UPS,Ground,1Z0237RY0300085636,3029
856976396,1431630957,10/06/2017,UPS,Ground,1Z0237RY0300085547,3029
856976644,1431630571,10/06/2017,UPS,Ground,1Z0237RY0300085529,3029
856977803,1431629865,10/06/2017,UPS,SUREPOST,1Z0237RYYW00085656,3029
856979642,1431630138,10/06/2017,UPS,SUREPOST,1Z0237RYYW00085647,3029
856984995,1431632610,10/06/2017,UPS,SUREPOST,1Z0237RYYW00085674,3029
856985193,1431632529,10/06/2017,UPS,Ground,1Z0237RY0300085663,3029
856987066,1431632922,10/09/2017,UPS,Ground,1Z0237RY0300085681,3029
856987489,1431632681,10/09/2017,UPS,Ground,1Z0237RY0300085690,3029
856989560,1431633597,10/09/2017,UPS,Ground,1Z0237RY0300085994,3029
856989991,1431633405,10/09/2017,UPS,Ground,1Z0237RY0300085707,3029
856991698,1431634193,10/09/2017,UPS,Ground,1Z0237RY0300085716,3029
856996160,1431634721,10/09/2017,UPS,Ground,1Z0237RY0300085725,3029
856998607,1431634779,10/09/2017,UPS,SUREPOST,1Z0237RYYW00085745,3029
856998607,1431634779,10/09/2017,UPS,SUREPOST,1Z0237RYYW00085754,3029
857004279,1431636311,10/09/2017,UPS,Ground,1Z0237RY0300085770,3029
857007321,1431636234,10/09/2017,UPS,Ground,1Z0237RY0300085814,3029
857011480,1431638130,10/09/2017,UPS,Ground,1Z0237RY0300085761,3029
857011523,1431640142,10/09/2017,UPS,Ground,1Z0237RY0300085869,3029
857012641,1431639321,10/09/2017,UPS,Ground,1Z0237RY0300085850,3029
857016219,1431638100,10/09/2017,UPS,Ground,1Z0237RY0300085805,3029
857017798,1431638714,10/09/2017,UPS,SUREPOST,1Z0237RYYW00085781,3029
857020369,1431638723,10/09/2017,UPS,SUREPOST,1Z0237RYYW00085914,3029
857026957,1431640370,10/09/2017,UPS,Ground,1Z0237RY0300085887,3029
857028819,1431640919,10/09/2017,UPS,Ground,1Z0237RY0300085823,3029
857030849,1431641123,10/09/2017,UPS,Ground,1Z0237RY0300085832,3029
857038946,1431642930,10/09/2017,UPS,Ground,1Z0237RY0300085841,3029
857041772,1431658000,10/09/2017,UPS,SUREPOST,1Z0237RYYW00086379,3029
857041894,1431643507,10/09/2017,UPS,Ground,1Z0237RY0300085896,3029
857041894,1431643507,10/09/2017,UPS,Ground,1Z0237RY0300085903,3029
857042192,1431643425,10/09/2017,UPS,Ground,1Z0237RY0300085930,3029
857043062,1431643950,10/09/2017,UPS,SUREPOST,1Z0237RYYW00085923,3029
857043666,1431643626,10/09/2017,UPS,SUREPOST,1Z0237RYYW00085941,3029
857044636,1431644030,10/09/2017,UPS,Ground,1Z0237RY0300085958,3029
857044636,1431644030,10/09/2017,UPS,Ground,1Z0237RY0300085967,3029
857047147,1431644748,10/09/2017,UPS,Ground,1Z0237RY0300086000,3029
857049606,1431645341,10/09/2017,UPS,SUREPOST,1Z0237RYYW00085978,3029
857053044,1431645598,10/09/2017,UPS,SUREPOST,1Z0237RYYW00085987,3029
857053071,1431645818,10/09/2017,UPS,Ground,1Z0237RY0300086028,3029
857055186,1431645723,10/09/2017,UPS,SUREPOST,1Z0237RYYW00086048,3029
857056544,1431645733,10/09/2017,UPS,SUREPOST,1Z0237RYYW00086039,3029
857057195,1431646162,10/09/2017,UPS,Ground,1Z0237RY0300086019,3029
857068141,1431647821,10/09/2017,UPS,SUREPOST,1Z0237RYYW00086128,3029
857068144,1431647824,10/09/2017,UPS,Ground,1Z0237RY0300086082,3029
857076544,1431648980,10/09/2017,UPS,Ground,1Z0237RY0300086073,3029
857080331,1431649917,10/09/2017,UPS,Ground,1Z0237RY0300086117,3029
857080899,1431650306,10/09/2017,UPS,Ground,1Z0237RY0300086135,3029
857083879,1431650588,10/09/2017,UPS,Ground,1Z0237RY0300086055,3029
857087108,1431651077,10/09/2017,UPS,SUREPOST,1Z0237RYYW00086146,3029
857087271,1431651276,10/09/2017,UPS,Ground,1Z0237RY0300086108,3029
857087271,1431651276,10/09/2017,UPS,Ground,1Z0237RY0300086091,3029
857098733,1431653037,10/09/2017,UPS,Ground,1Z0237RY0300086162,3029
857099136,1431653477,10/09/2017,UPS,SUREPOST,1Z0237RYYW00086155,3029
857099772,1431653662,10/09/2017,UPS,SUREPOST,1Z0237RYYW00086217,3029
857101650,1431655121,10/09/2017,UPS,Ground,1Z0237RY0300086180,3029
857103410,1431654051,10/09/2017,UPS,Ground,1Z0237RY0300086199,3029
857105041,1431654261,10/09/2017,UPS,SUREPOST,1Z0237RYYW00086226,3029
857105120,1431656302,10/09/2017,UPS,SUREPOST,1Z0237RYYW00086299,3029
857105822,1431655934,10/09/2017,UPS,Ground,1Z0237RY0300086279,3029
857108541,1431655072,10/09/2017,UPS,Ground,1Z0237RY0300086260,3029
857109084,1431657489,10/09/2017,UPS,Ground,1Z0237RY0300086395,3029
857110863,1431655422,10/09/2017,UPS,SUREPOST,1Z0237RYYW00086306,3029
857111154,1431656074,10/09/2017,UPS,SUREPOST,1Z0237RYYW00086235,3029
857113902,1431655613,10/09/2017,UPS,Ground,1Z0237RY0300086288,3029
857114807,1431655792,10/09/2017,UPS,SUREPOST,1Z0237RYYW00086244,3029
857116951,1431656207,10/09/2017,UPS,Ground,1Z0237RY0300086251,3029
857122265,1431657141,10/09/2017,UPS,Ground,1Z0237RY0300086386,3029
857125342,1431657499,10/09/2017,UPS,Ground,1Z0237RY0300086313,3029
857126725,1431669435,10/11/2017,UPS,Ground,1Z0237RY0300086644,3029
857130168,1431658695,10/09/2017,UPS,SUREPOST,1Z0237RYYW00086324,3029
857132682,1431660135,10/09/2017,UPS,Ground,1Z0237RY0300086359,3029
857132933,1431658765,10/09/2017,UPS,Ground,1Z0237RY0300086331,3029
857141622,1431660631,10/09/2017,UPS,Ground,1Z0237RY0300086368,3029
857145028,1431669375,10/10/2017,UPS,Ground,1Z0237RY0300086626,3029
857146574,1431661640,10/10/2017,UPS,Ground,1Z0237RY0300086402,3029
857150709,1431664179,10/10/2017,UPS,SUREPOST,1Z0237RYYW00086422,3029
857154162,1431662840,10/10/2017,UPS,SUREPOST,1Z0237RYYW00086431,3029
857157799,1431664295,10/10/2017,UPS,Ground,1Z0237RY0300086448,3029
857166326,1431664679,10/10/2017,UPS,Ground,1Z0237RY0300086411,3029
857167231,1431664933,10/10/2017,UPS,SUREPOST,1Z0237RYYW00086593,3029
857168393,1431665123,10/10/2017,UPS,SUREPOST,1Z0237RYYW00086477,3029
857171655,1431672163,10/11/2017,UPS,SUREPOST,1Z0237RYYW00086682,3029
857174711,1431666166,10/10/2017,UPS,Ground,1Z0237RY0300086457,3029
857180131,1431667047,10/10/2017,UPS,Ground,1Z0237RY0300086608,3029
857180131,1431667047,10/10/2017,UPS,Ground,1Z0237RY0300086617,3029
857180764,1431667021,10/10/2017,UPS,Ground,1Z0237RY0300086582,3029
857183752,1431667794,10/10/2017,UPS,Ground,1Z0237RY0300086564,3029
857186106,1431667565,10/10/2017,UPS,Ground,1Z0237RY0300086528,3029
857186462,1431668042,10/10/2017,UPS,SUREPOST,1Z0237RYYW00086495,3029
857186502,1431667995,10/12/2017,UPS,SUREPOST,1Z0237RYYW00087083,3029
857188589,1431668303,10/10/2017,UPS,Ground,1Z0237RY0300086573,3029
857190739,1431668674,10/10/2017,UPS,SUREPOST,1Z0237RYYW00086511,3029
857191628,1431669206,10/10/2017,UPS,Ground,1Z0237RY0300086555,3029
857193478,1431669273,10/10/2017,UPS,Ground,1Z0237RY0300086546,3029
857198425,1431669825,10/10/2017,UPS,Ground,1Z0237RY0300086635,3029
857200646,1431670179,10/11/2017,UPS,SUREPOST,1Z0237RYYW00086735,3029
857203598,1431673771,10/11/2017,UPS,SUREPOST,1Z0237RYYW00086753,3029
857204373,1431671230,10/11/2017,UPS,Ground,1Z0237RY0300086715,3029
857204532,1431671137,10/11/2017,UPS,Ground,1Z0237RY0300086706,3029
857205129,1431671341,10/11/2017,UPS,SUREPOST,1Z0237RYYW00086726,3029
857208466,1431682560,10/12/2017,UPS,SUREPOST,1Z0237RYYW00086913,3029
857208646,1431672008,10/11/2017,UPS,SUREPOST,1Z0237RYYW00086673,3029
857210114,1431672302,10/11/2017,UPS,SUREPOST,1Z0237RYYW00086655,3029
857214004,1431672913,10/11/2017,UPS,SUREPOST,1Z0237RYYW00086691,3029
857214079,1431672849,10/11/2017,UPS,SUREPOST,1Z0237RYYW00086744,3029
857217355,1431673251,10/11/2017,UPS,SUREPOST,1Z0237RYYW00086780,3029
857223362,1431673836,10/11/2017,UPS,Ground,1Z0237RY0300086779,3029
857224136,1431674188,10/11/2017,UPS,Ground,1Z0237RY0300086760,3029
857228489,1431681313,10/12/2017,UPS,Ground,1Z0237RY0300086966,3029
857232242,1431675674,10/11/2017,UPS,SUREPOST,1Z0237RYYW00086806,3029
857235906,1431676266,10/11/2017,UPS,Ground,1Z0237RY0300086813,3029
857238764,1431677243,10/11/2017,UPS,Ground,1Z0237RY0300086831,3029
857239848,1431677083,10/11/2017,UPS,Ground,1Z0237RY0300086822,3029
857251083,1431679872,10/11/2017,UPS,Ground,1Z0237RY0300086859,3029
857251943,1431680199,10/11/2017,UPS,SUREPOST,1Z0237RYYW00086860,3029
857252789,1431680650,10/12/2017,UPS,SUREPOST,1Z0237RYYW00086922,3029
857254607,1431680995,10/12/2017,UPS,SUREPOST,1Z0237RYYW00086904,3029
857255110,1431709922,10/16/2017,UPS,Ground,1Z0237RY0300087652,3029
857255549,1431683749,10/12/2017,UPS,Ground,1Z0237RY0300087027,3029
857255549,1431683749,10/12/2017,UPS,Ground,1Z0237RY0300087018,3029
857256947,1431680876,10/12/2017,UPS,SUREPOST,1Z0237RYYW00086897,3029
857259559,1431682227,10/12/2017,UPS,SUREPOST,1Z0237RYYW00086931,3029
857261607,1431681736,10/12/2017,UPS,SUREPOST,1Z0237RYYW00086879,3029
857262042,1431682223,10/12/2017,UPS,SUREPOST,1Z0237RYYW00086959,3029
857262559,1431682505,10/12/2017,UPS,Ground,1Z0237RY0300086886,3029
857262778,1431682281,10/12/2017,UPS,SUREPOST,1Z0237RYYW00086977,3029
857263003,1431682225,10/12/2017,UPS,SUREPOST,1Z0237RYYW00086940,3029
857266770,1431683292,10/12/2017,UPS,SUREPOST,1Z0237RYYW00086995,3029
857268360,1431684124,10/12/2017,UPS,Ground,1Z0237RY0300087009,3029
857268360,1431684125,10/12/2017,UPS,SUREPOST,1Z0237RYYW00087038,3029
857269143,1431707957,10/16/2017,UPS,Ground,1Z0237RY0300087518,3029
857271260,1431684066,10/12/2017,UPS,Ground,1Z0237RY0300086984,3029
857272016,1431684218,10/12/2017,UPS,SUREPOST,1Z0237RYYW00087047,3029
857273582,1431684724,10/12/2017,UPS,SUREPOST,1Z0237RYYW00087056,3029
857273772,1431684981,10/12/2017,UPS,SUREPOST,1Z0237RYYW00087065,3029
857276656,1431685822,10/12/2017,UPS,Ground,1Z0237RY0300087072,3029
857285145,1431688108,10/12/2017,UPS,SUREPOST,1Z0237RYYW00087109,3029
857287608,1431698682,10/13/2017,UPS,SUREPOST,1Z0237RYYW00087323,3029
857294535,1431693323,10/13/2017,UPS,SUREPOST,1Z0237RYYW00087234,3029
857299298,1431691717,10/12/2017,UPS,Ground,1Z0237RY0300087090,3029
857301241,1431692273,10/13/2017,UPS,SUREPOST,1Z0237RYYW00087350,3029
857301707,1431692716,10/16/2017,UPS,SUREPOST,1Z0237RYYW00087449,3029
857301707,1431692716,10/16/2017,UPS,SUREPOST,1Z0237RYYW00087458,3029
857302261,1431692505,10/13/2017,UPS,SUREPOST,1Z0237RYYW00087181,3029
857302384,1431692138,10/12/2017,UPS,Ground,1Z0237RY0300087143,3029
857302703,1431692356,10/12/2017,UPS,Ground,1Z0237RY0300087125,3029
857303340,1431692171,10/12/2017,UPS,SUREPOST,1Z0237RYYW00087118,3029
857303601,1431739854,10/17/2017,UPS,SUREPOST,1Z0237RYYW00088288,3029
857303951,1431692642,10/12/2017,UPS,Ground,1Z0237RY0300087134,3029
857305725,1431696232,10/13/2017,UPS,Ground,1Z0237RY0300087161,3029
857306464,1431692966,10/13/2017,UPS,Ground,1Z0237RY0300087198,3029
857307519,1431731128,10/16/2017,UPS,SUREPOST,1Z0237RYYW00088126,3029
857307610,1431693283,10/13/2017,UPS,SUREPOST,1Z0237RYYW00087252,3029
857309489,1431693684,10/13/2017,UPS,SUREPOST,1Z0237RYYW00087172,3029
857309870,1431693947,10/13/2017,UPS,SUREPOST,1Z0237RYYW00087154,3029
857311215,1431694568,10/13/2017,UPS,SUREPOST,1Z0237RYYW00087289,3029
857316902,1431695228,10/13/2017,UPS,SUREPOST,1Z0237RYYW00087261,3029
857318725,1431708420,10/16/2017,UPS,Ground,1Z0237RY0300087572,3029
857319127,1431695854,10/13/2017,UPS,SUREPOST,1Z0237RYYW00087243,3029
857320401,1431696356,10/13/2017,UPS,Ground,1Z0237RY0300087205,3029
857321374,1431696382,10/13/2017,UPS,SUREPOST,1Z0237RYYW00087216,3029
857321666,1431696183,10/13/2017,UPS,SUREPOST,1Z0237RYYW00087225,3029
857325223,1431696959,10/13/2017,UPS,SUREPOST,1Z0237RYYW00087305,3029
857326180,1431719856,10/16/2017,UPS,SUREPOST,1Z0237RYYW00087869,3029
857326531,1431697028,10/13/2017,UPS,Ground,1Z0237RY0300087278,3029
857340507,1431729456,10/16/2017,UPS,SUREPOST,1Z0237RYYW00088000,3029
857340619,1431700329,10/13/2017,UPS,Ground,1Z0237RY0300087312,3029
857340631,1431700446,10/13/2017,UPS,Ground,1Z0237RY0300087349,3029
857352572,1431703439,10/13/2017,UPS,SUREPOST,1Z0237RYYW00087332,3029
857357260,1431704438,10/13/2017,UPS,SUREPOST,1Z0237RYYW00087430,3029
857357342,1431704388,10/13/2017,UPS,Ground,1Z0237RY0300087429,3029
857357415,1431704183,10/13/2017,UPS,SUREPOST,1Z0237RYYW00087378,3029
857357461,1431704847,10/13/2017,UPS,SUREPOST,1Z0237RYYW00087387,3029
857357861,1431704678,10/13/2017,UPS,Ground,1Z0237RY0300087394,3029
857357861,1431704678,10/13/2017,UPS,Ground,1Z0237RY0300087401,3029
857358631,1431704984,10/16/2017,UPS,Ground,1Z0237RY0300087483,3029
857358839,1431704911,10/16/2017,UPS,SUREPOST,1Z0237RYYW00087501,3029
857359182,1431705262,10/16/2017,UPS,SUREPOST,1Z0237RYYW00087565,3029
857362117,1431706061,10/16/2017,UPS,SUREPOST,1Z0237RYYW00087467,3029
857362918,1431706083,10/16/2017,UPS,SUREPOST,1Z0237RYYW00087476,3029
857366631,1431706902,10/16/2017,UPS,SUREPOST,1Z0237RYYW00087529,3029
857368426,1431711081,10/16/2017,UPS,SUREPOST,1Z0237RYYW00087645,3029
857369573,1431707432,10/16/2017,UPS,Ground,1Z0237RY0300087554,3029
857369573,1431707432,10/16/2017,UPS,Ground,1Z0237RY0300087545,3029
857369573,1431707432,10/16/2017,UPS,Ground,1Z0237RY0300087536,3029
857372680,1431708459,10/16/2017,UPS,SUREPOST,1Z0237RYYW00087627,3029
857373086,1431708834,10/16/2017,UPS,SUREPOST,1Z0237RYYW00087636,3029
857375068,1431708680,10/16/2017,UPS,Ground,1Z0237RY0300087590,3029
857377221,1431709846,10/16/2017,UPS,SUREPOST,1Z0237RYYW00087609,3029
857377652,1431709529,10/16/2017,UPS,Ground,1Z0237RY0300087581,3029
857377841,1431712268,10/16/2017,UPS,SUREPOST,1Z0237RYYW00087663,3029
857392256,1431717947,10/16/2017,UPS,Ground,1Z0237RY0300087714,3029
857402251,1431727327,10/16/2017,UPS,Ground,1Z0237RY0300088142,3029
857404533,1431717091,10/16/2017,UPS,SUREPOST,1Z0237RYYW00088162,3029
857405022,1431716728,10/16/2017,UPS,Ground,1Z0237RY0300087670,3029
857405705,1431716752,10/16/2017,UPS,SUREPOST,1Z0237RYYW00087681,3029
857405793,1431716774,10/17/2017,UPS,SUREPOST,1Z0237RYYW00088484,3029
857406861,1431717341,10/16/2017,UPS,SUREPOST,1Z0237RYYW00087707,3029
857407134,1431717260,10/16/2017,UPS,Ground,1Z0237RY0300088151,3029
857407809,1431717568,10/16/2017,UPS,SUREPOST,1Z0237RYYW00087690,3029
857409717,1431720763,10/16/2017,UPS,Ground,1Z0237RY0300087849,3029
857409898,1431718244,10/16/2017,UPS,SUREPOST,1Z0237RYYW00087752,3029
857411315,1431718181,10/16/2017,UPS,SUREPOST,1Z0237RYYW00087734,3029
857411350,1431718132,10/16/2017,UPS,SUREPOST,1Z0237RYYW00087725,3029
857411732,1431718630,10/16/2017,UPS,SUREPOST,1Z0237RYYW00087789,3029
857412765,1431718905,10/16/2017,UPS,Ground,1Z0237RY0300087769,3029
857413256,1431719251,10/16/2017,UPS,SUREPOST,1Z0237RYYW00087770,3029
857414071,1431730047,10/16/2017,UPS,SUREPOST,1Z0237RYYW00087994,3029
857415593,1431720401,10/16/2017,UPS,Ground,1Z0237RY0300087876,3029
857415871,1431719723,10/16/2017,UPS,Ground,1Z0237RY0300087812,3029
857417270,1431764392,10/19/2017,UPS,Ground,1Z0237RY0300088946,3029
857418561,1431720208,10/16/2017,UPS,SUREPOST,1Z0237RYYW00087832,3029
857418870,1431720158,10/16/2017,UPS,Ground,1Z0237RY0300087803,3029
857428610,1431723863,10/16/2017,UPS,SUREPOST,1Z0237RYYW00087896,3029
857445545,1431762009,10/18/2017,UPS,Ground,1Z0237RY0300088820,3029
857449137,1431728189,10/16/2017,UPS,Ground,1Z0237RY0300087929,3029
857451378,1431753325,10/18/2017,UPS,Ground,1Z0237RY0300088660,3029
857451585,1431728495,10/16/2017,UPS,SUREPOST,1Z0237RYYW00087958,3029
857451731,1431728708,10/16/2017,UPS,SUREPOST,1Z0237RYYW00088019,3029
857452743,1431731824,10/16/2017,UPS,SUREPOST,1Z0237RYYW00088091,3029
857453065,1431728614,10/16/2017,UPS,Ground,1Z0237RY0300087938,3029
857453541,1431729106,10/16/2017,UPS,SUREPOST,1Z0237RYYW00087949,3029
857454181,1431729252,10/16/2017,UPS,Ground,1Z0237RY0300087910,3029
857454518,1431729204,10/16/2017,UPS,Ground,1Z0237RY0300087901,3029
857455495,1431730077,10/16/2017,UPS,Ground,1Z0237RY0300087983,3029
857456040,1431730005,10/16/2017,UPS,SUREPOST,1Z0237RYYW00087967,3029
857457269,1431729710,10/16/2017,UPS,Ground,1Z0237RY0300088115,3029
857458069,1431731054,10/16/2017,UPS,SUREPOST,1Z0237RYYW00087976,3029
857458836,1431731170,10/16/2017,UPS,SUREPOST,1Z0237RYYW00088055,3029
857461236,1431730568,10/16/2017,UPS,Ground,1Z0237RY0300088080,3029
857461922,1431731139,10/18/2017,UPS,Ground,1Z0237RY0300088722,3029
857462386,1431730612,10/16/2017,UPS,Ground,1Z0237RY0300088035,3029
857463269,1431730703,10/16/2017,UPS,SUREPOST,1Z0237RYYW00088108,3029
857464292,1431731414,10/16/2017,UPS,SUREPOST,1Z0237RYYW00088073,3029
857468636,1431732090,10/16/2017,UPS,SUREPOST,1Z0237RYYW00088028,3029
857472431,1431732488,10/16/2017,UPS,Ground,1Z0237RY0300088044,3029
857478578,1431743197,10/17/2017,UPS,SUREPOST,1Z0237RYYW00088313,3029
857484448,1431735388,10/16/2017,UPS,Ground,1Z0237RY0300088204,3029
857484889,1431735514,10/16/2017,UPS,SUREPOST,1Z0237RYYW00088135,3029
857485108,1431735683,10/17/2017,UPS,SUREPOST,1Z0237RYYW00088359,3029
857485108,1431735683,10/17/2017,UPS,SUREPOST,1Z0237RYYW00088340,3029
857499172,1431739616,10/16/2017,UPS,SUREPOST,1Z0237RYYW00088199,3029
857500700,1431739848,10/16/2017,UPS,Ground,1Z0237RY0300088188,3029
857501408,1431739999,10/16/2017,UPS,Ground,1Z0237RY0300088240,3029
857502035,1431739690,10/16/2017,UPS,SUREPOST,1Z0237RYYW00088233,3029
857502282,1431740158,10/16/2017,UPS,Ground,1Z0237RY0300088213,3029
857502371,1431740029,10/16/2017,UPS,Ground,1Z0237RY0300088268,3029
857502790,1431739834,10/16/2017,UPS,SUREPOST,1Z0237RYYW00088224,3029
857504009,1431740498,10/16/2017,UPS,Ground,1Z0237RY0300088259,3029
857504620,1431751386,10/18/2017,UPS,Ground,1Z0237RY0300088615,3029
857505151,1431740216,10/17/2017,UPS,SUREPOST,1Z0237RYYW00088279,3029
857506970,1431740722,10/17/2017,UPS,Ground,1Z0237RY0300088437,3029
857506970,1431740722,10/17/2017,UPS,Ground,1Z0237RY0300088428,3029
857507341,1431741319,10/17/2017,UPS,SUREPOST,1Z0237RYYW00088386,3029
857508825,1431743243,10/17/2017,UPS,SUREPOST,1Z0237RYYW00088411,3029
857508874,1431741488,10/17/2017,UPS,SUREPOST,1Z0237RYYW00088395,3029
857510637,1431743103,10/17/2017,UPS,Ground,1Z0237RY0300088295,3029
857511704,1431742140,10/17/2017,UPS,SUREPOST,1Z0237RYYW00088322,3029
857512387,1431742435,10/17/2017,UPS,SUREPOST,1Z0237RYYW00088304,3029
857513281,1431742745,10/17/2017,UPS,SUREPOST,1Z0237RYYW00088402,3029
857513641,1431742748,10/17/2017,UPS,SUREPOST,1Z0237RYYW00088368,3029
857514859,1431742654,10/17/2017,UPS,SUREPOST,1Z0237RYYW00088448,3029
857515363,1431743170,10/17/2017,UPS,Ground,1Z0237RY0300088375,3029
857518748,1431763377,10/18/2017,UPS,SUREPOST,1Z0237RYYW00088877,3029
857536266,1431747710,10/17/2017,UPS,Ground,1Z0237RY0300088464,3029
857536355,1431747422,10/17/2017,UPS,SUREPOST,1Z0237RYYW00088475,3029
857546289,1431750480,10/17/2017,UPS,SUREPOST,1Z0237RYYW00088457,3029
857547028,1431753368,10/18/2017,UPS,Ground,1Z0237RY0300088606,3029
857549450,1431750948,10/17/2017,UPS,Ground,1Z0237RY0300088535,3029
857550234,1431751095,10/17/2017,UPS,SUREPOST,1Z0237RYYW00088500,3029
857551151,1431751262,10/17/2017,UPS,SUREPOST,1Z0237RYYW00088493,3029
857551802,1431753425,10/18/2017,UPS,SUREPOST,1Z0237RYYW00088573,3029
857551942,1431751367,10/17/2017,UPS,Ground,1Z0237RY0300088526,3029
857551983,1431751565,10/18/2017,UPS,SUREPOST,1Z0237RYYW00088653,3029
857552115,1431751551,10/17/2017,UPS,Ground,1Z0237RY0300088517,3029
857553548,1431751956,10/18/2017,UPS,Ground,1Z0237RY0300088580,3029
857553977,1431752075,10/18/2017,UPS,SUREPOST,1Z0237RYYW00088706,3029
857554177,1431752557,10/18/2017,UPS,Ground,1Z0237RY0300088544,3029
857554330,1431752210,10/18/2017,UPS,Ground,1Z0237RY0300088679,3029
857555515,1431752533,10/18/2017,UPS,SUREPOST,1Z0237RYYW00088635,3029
857558045,1431753109,10/18/2017,UPS,SUREPOST,1Z0237RYYW00088564,3029
857558210,1431752887,10/18/2017,UPS,Ground,1Z0237RY0300088688,3029
857559687,1431753415,10/18/2017,UPS,Ground,1Z0237RY0300088599,3029
857561400,1431753763,10/18/2017,UPS,SUREPOST,1Z0237RYYW00088644,3029
857571965,1431756442,10/18/2017,UPS,SUREPOST,1Z0237RYYW00088699,3029
857573522,1431758260,10/18/2017,UPS,Ground,1Z0237RY0300088786,3029
857574020,1431756484,10/18/2017,UPS,SUREPOST,1Z0237RYYW00088715,3029
857580638,1431757918,10/18/2017,UPS,SUREPOST,1Z0237RYYW00088760,3029
857580825,1431757909,10/18/2017,UPS,SUREPOST,1Z0237RYYW00088779,3029
857592715,1431762045,10/18/2017,UPS,Ground,1Z0237RY0300088811,3029
857593723,1431761494,10/19/2017,UPS,SUREPOST,1Z0237RYYW00089045,3029
857593728,1431765436,10/19/2017,UPS,SUREPOST,1Z0237RYYW00089009,3029
857593917,1431761230,10/18/2017,UPS,SUREPOST,1Z0237RYYW00088797,3029
857594098,1431761553,10/18/2017,UPS,SUREPOST,1Z0237RYYW00088751,3029
857595221,1431761796,10/18/2017,UPS,SUREPOST,1Z0237RYYW00088742,3029
857595697,1431762342,10/18/2017,UPS,Ground,1Z0237RY0300088802,3029
857596379,1431762446,10/18/2017,UPS,SUREPOST,1Z0237RYYW00088733,3029
857597415,1431762765,10/18/2017,UPS,SUREPOST,1Z0237RYYW00088895,3029
857597560,1431762787,10/18/2017,UPS,SUREPOST,1Z0237RYYW00088868,3029
857597686,1431762924,10/18/2017,UPS,SUREPOST,1Z0237RYYW00088840,3029
857599414,1431763374,10/18/2017,UPS,SUREPOST,1Z0237RYYW00088886,3029
857599588,1431763519,10/19/2017,UPS,Ground,1Z0237RY0300088919,3029
857600365,1431763915,10/19/2017,UPS,SUREPOST,1Z0237RYYW00088920,3029
857600702,1431764023,10/19/2017,UPS,Ground,1Z0237RY0300088900,3029
857601028,1431764131,10/19/2017,UPS,Ground,1Z0237RY0300088937,3029
857601211,1431764454,10/19/2017,UPS,SUREPOST,1Z0237RYYW00089018,3029
857601950,1431764235,10/19/2017,UPS,SUREPOST,1Z0237RYYW00088984,3029
857601983,1431765022,10/19/2017,UPS,SUREPOST,1Z0237RYYW00088957,3029
857602594,1431764910,10/19/2017,UPS,SUREPOST,1Z0237RYYW00088975,3029
857603425,1431764833,10/19/2017,UPS,Ground,1Z0237RY0300088964,3029
857619492,1431771577,10/19/2017,UPS,Ground,1Z0237RY0300089034,3029
857653524,1431784285,10/19/2017,UPS,SUREPOST,1Z0237RYYW00089072,3029
857653524,1431784309,10/19/2017,UPS,Ground,1Z0237RY0300089061,3029
857653546,1431784138,10/19/2017,UPS,Ground,1Z0237RY0300089052,3029
993620453,1431576483,10/02/2017,UPS,Ground,1Z0237RY0300084253,3029
995266052,1431718210,10/16/2017,UPS,Ground,1Z0237RY0300087741,3029
996792766,1431718417,10/16/2017,UPS,Ground,1Z0237RY0300087796,3029
998721607,1431763049,10/18/2017,UPS,SUREPOST,1Z0237RYYW00088859,3029
846800238,1431662887,10/09/2017,UPS,Ground,1Z024EA30300067838,3600
849223044,1431619480,10/05/2017,UPS,Ground,1Z024EA30300067007,3600
849299516,1431549002,09/27/2017,UPS,Ground,1Z024EA30300065965,3600
849906262,1431667387,10/10/2017,UPS,SUREPOST,1Z024EA3YW00067992,3600
851658069,1431514959,09/25/2017,UPS,SUREPOST,1Z024EA3YW00065323,3600
852115805,1431534533,09/25/2017,UPS,Ground,1Z024EA30300065698,3600
853125506,1431592539,10/02/2017,UPS,Ground,1Z024EA30300066535,3600
853342069,1431457302,09/19/2017,UPS,Ground,1Z024EA30300064724,3600
853534918,1431698053,10/12/2017,UPS,Ground,1Z024EA30300068444,3600
853699133,1431497883,09/21/2017,UPS,SUREPOST,1Z024EA3YW00065145,3600
853758007,1431463517,09/19/2017,UPS,Ground,1Z024EA30300064831,3600
853909400,1431514811,09/25/2017,UPS,Ground,1Z024EA30300065349,3600
854041662,1431501532,09/22/2017,UPS,SUREPOST,1Z024EA3YW00065172,3600
854109469,1431648727,10/09/2017,UPS,Ground,1Z024EA30300067427,3600
854165466,1431705213,10/13/2017,UPS,SUREPOST,1Z024EA3YW00068697,3600
854456267,1431615516,10/05/2017,UPS,SUREPOST,1Z024EA3YW00066911,3600
855216373,1431634845,10/06/2017,UPS,Ground,1Z024EA30300067169,3600
855276920,1431462829,09/19/2017,UPS,Ground,1Z024EA30300064859,3600
855338412,1431511341,09/25/2017,UPS,Ground,1Z024EA30300065278,3600
855465569,1431645877,10/09/2017,UPS,Ground,1Z024EA30300067329,3600
855574191,1431557135,10/02/2017,UPS,SUREPOST,1Z024EA3YW00066108,3600
855739213,1431704819,10/13/2017,UPS,SUREPOST,1Z024EA3YW00068688,3600
855771287,1431478273,09/20/2017,UPS,Ground,1Z024EA30300065009,3600
855819151,1431632934,10/06/2017,UPS,Ground,1Z024EA30300067132,3600
855832565,1431497985,09/21/2017,UPS,SUREPOST,1Z024EA3YW00065136,3600
855962878,1431447629,09/19/2017,UPS,Ground,1Z024EA30300064626,3600
855965825,1431450984,09/19/2017,UPS,Ground,1Z024EA30300064662,3600
855965998,1431448561,09/19/2017,UPS,SUREPOST,1Z024EA3YW00064655,3600
855966572,1431448858,09/19/2017,UPS,SUREPOST,1Z024EA3YW00064637,3600
855972791,1431449539,09/19/2017,UPS,Ground,1Z024EA30300064644,3600
855991059,1431453362,09/19/2017,UPS,SUREPOST,1Z024EA3YW00064673,3600
856000786,1431454689,09/19/2017,UPS,Ground,1Z024EA30300064680,3600
856001193,1431454981,09/19/2017,UPS,SUREPOST,1Z024EA3YW00064708,3600
856001610,1431454868,09/19/2017,UPS,Ground,1Z024EA30300064699,3600
856009022,1431456058,09/19/2017,UPS,SUREPOST,1Z024EA3YW00064744,3600
856010658,1431456695,09/19/2017,UPS,SUREPOST,1Z024EA3YW00064717,3600
856013376,1431457316,09/19/2017,UPS,Ground,1Z024EA30300064733,3600
856026842,1431459575,09/19/2017,UPS,SUREPOST,1Z024EA3YW00064753,3600
856040628,1431462817,09/19/2017,UPS,Ground,1Z024EA30300064788,3600
856042396,1431461933,09/19/2017,UPS,Ground,1Z024EA30300064760,3600
856046475,1431462794,09/19/2017,UPS,Ground,1Z024EA30300064779,3600
856047427,1431472831,09/19/2017,UPS,SUREPOST,1Z024EA3YW00064959,3600
856051319,1431463569,09/19/2017,UPS,Ground,1Z024EA30300064822,3600
856052306,1431463781,09/19/2017,UPS,SUREPOST,1Z024EA3YW00064842,3600
856059307,1431465143,09/19/2017,UPS,SUREPOST,1Z024EA3YW00064806,3600
856060207,1431464972,09/19/2017,UPS,Ground,1Z024EA30300064813,3600
856064354,1431477516,09/19/2017,UPS,Ground,1Z024EA30300064984,3600
856071116,1431467153,09/19/2017,UPS,Ground,1Z024EA30300064797,3600
856077161,1431468029,09/19/2017,UPS,Ground,1Z024EA30300064895,3600
856077926,1431468215,09/19/2017,UPS,SUREPOST,1Z024EA3YW00064879,3600
856079036,1431468360,09/19/2017,UPS,SUREPOST,1Z024EA3YW00064860,3600
856080315,1431468745,09/19/2017,UPS,Ground,1Z024EA30300064886,3600
856086787,1431544987,09/27/2017,UPS,SUREPOST,1Z024EA3YW00065896,3600
856088527,1431469946,09/19/2017,UPS,SUREPOST,1Z024EA3YW00064904,3600
856095013,1431471190,09/19/2017,UPS,Ground,1Z024EA30300064911,3600
856095682,1431560329,10/02/2017,UPS,SUREPOST,1Z024EA3YW00066162,3600
856099212,1431471225,09/19/2017,UPS,Ground,1Z024EA30300064939,3600
856100139,1431471364,09/19/2017,UPS,Ground,1Z024EA30300064920,3600
856103305,1431472714,09/19/2017,UPS,SUREPOST,1Z024EA3YW00064940,3600
856103825,1431493852,09/21/2017,UPS,SUREPOST,1Z024EA3YW00065083,3600
856112515,1431474043,09/19/2017,UPS,Ground,1Z024EA30300064966,3600
856122437,1431476414,09/19/2017,UPS,SUREPOST,1Z024EA3YW00064977,3600
856132554,1431479671,09/20/2017,UPS,SUREPOST,1Z024EA3YW00064995,3600
856148961,1431481795,09/20/2017,UPS,SUREPOST,1Z024EA3YW00065029,3600
856154268,1431481666,09/20/2017,UPS,SUREPOST,1Z024EA3YW00065010,3600
856164871,1431483559,09/20/2017,UPS,Ground,1Z024EA30300065045,3600
856165945,1431483815,09/20/2017,UPS,Ground,1Z024EA30300065036,3600
856178195,1431493292,09/21/2017,UPS,SUREPOST,1Z024EA3YW00065074,3600
856192853,1431489512,09/20/2017,UPS,SUREPOST,1Z024EA3YW00065056,3600
856213736,1431492321,09/21/2017,UPS,Ground,1Z024EA30300065063,3600
856216613,1431591107,10/02/2017,UPS,Ground,1Z024EA30300066553,3600
856219690,1431493510,09/21/2017,UPS,Ground,1Z024EA30300065107,3600
856219863,1431493715,09/21/2017,UPS,Ground,1Z024EA30300065125,3600
856223438,1431566409,10/02/2017,UPS,SUREPOST,1Z024EA3YW00066199,3600
856223554,1431494470,09/21/2017,UPS,SUREPOST,1Z024EA3YW00065118,3600
856230275,1431496195,09/21/2017,UPS,Ground,1Z024EA30300065090,3600
856236527,1431505576,09/22/2017,UPS,Ground,1Z024EA30300065214,3600
856239339,1431516578,09/25/2017,UPS,SUREPOST,1Z024EA3YW00065403,3600
856252095,1431548881,09/27/2017,UPS,Ground,1Z024EA30300065983,3600
856255360,1431500526,09/22/2017,UPS,SUREPOST,1Z024EA3YW00065154,3600
856257009,1431500953,09/22/2017,UPS,SUREPOST,1Z024EA3YW00065163,3600
856272582,1431504228,09/22/2017,UPS,SUREPOST,1Z024EA3YW00065190,3600
856272990,1431504035,09/22/2017,UPS,Ground,1Z024EA30300065189,3600
856278033,1431505222,09/22/2017,UPS,Ground,1Z024EA30300065223,3600
856279831,1431505657,09/22/2017,UPS,Ground,1Z024EA30300065205,3600
856288430,1431507327,09/22/2017,UPS,Ground,1Z024EA30300065232,3600
856294035,1431508485,09/22/2017,UPS,Ground,1Z024EA30300065241,3600
856298565,1431509522,09/22/2017,UPS,Ground,1Z024EA30300065250,3600
856308171,1431511452,09/22/2017,UPS,Ground,1Z024EA30300065269,3600
856310303,1431515978,09/25/2017,UPS,SUREPOST,1Z024EA3YW00065430,3600
856317664,1431511680,09/25/2017,UPS,Ground,1Z024EA30300065296,3600
856317664,1431511680,09/25/2017,UPS,Ground,1Z024EA30300065287,3600
856320105,1431657851,10/09/2017,UPS,Ground,1Z024EA30300067696,3600
856321093,1431513928,09/25/2017,UPS,Ground,1Z024EA30300065312,3600
856321611,1431540172,09/26/2017,UPS,Ground,1Z024EA30300065796,3600
856321867,1431514302,09/25/2017,UPS,Ground,1Z024EA30300065303,3600
856325307,1431515099,09/25/2017,UPS,Ground,1Z024EA30300065330,3600
856328153,1431515332,09/25/2017,UPS,Ground,1Z024EA30300065358,3600
856328153,1431515332,09/25/2017,UPS,Ground,1Z024EA30300065367,3600
856330179,1431515997,09/25/2017,UPS,Ground,1Z024EA30300065385,3600
856330179,1431515997,09/25/2017,UPS,Ground,1Z024EA30300065376,3600
856332510,1431514081,09/25/2017,UPS,Ground,1Z024EA30300065447,3600
856333448,1431516721,09/25/2017,UPS,Ground,1Z024EA30300065394,3600
856339294,1431519854,09/25/2017,UPS,Ground,1Z024EA30300065429,3600
856342068,1431518272,09/25/2017,UPS,Ground,1Z024EA30300065410,3600
856352326,1431520217,09/25/2017,UPS,Ground,1Z024EA30300065465,3600
856356238,1431520798,09/25/2017,UPS,SUREPOST,1Z024EA3YW00065458,3600
856367259,1431529645,09/25/2017,UPS,Ground,1Z024EA30300065607,3600
856369078,1431522905,09/25/2017,UPS,SUREPOST,1Z024EA3YW00065494,3600
856369105,1431522924,09/25/2017,UPS,SUREPOST,1Z024EA3YW00065485,3600
856369416,1431521275,09/25/2017,UPS,SUREPOST,1Z024EA3YW00065501,3600
856374123,1431523987,09/25/2017,UPS,SUREPOST,1Z024EA3YW00065476,3600
856378933,1431525595,09/25/2017,UPS,Ground,1Z024EA30300065563,3600
856385152,1431542050,09/26/2017,UPS,SUREPOST,1Z024EA3YW00065814,3600
856385927,1431526317,09/25/2017,UPS,SUREPOST,1Z024EA3YW00065510,3600
856386542,1431599884,10/03/2017,UPS,SUREPOST,1Z024EA3YW00066635,3600
856386565,1431526548,09/25/2017,UPS,SUREPOST,1Z024EA3YW00065529,3600
856392395,1431527401,09/25/2017,UPS,Ground,1Z024EA30300065536,3600
856393153,1431527464,09/25/2017,UPS,Ground,1Z024EA30300065545,3600
856395402,1431535559,09/25/2017,UPS,Ground,1Z024EA30300065714,3600
856396356,1431528259,09/25/2017,UPS,Ground,1Z024EA30300065554,3600
856396496,1431527914,09/25/2017,UPS,SUREPOST,1Z024EA3YW00065583,3600
856401585,1431528751,09/25/2017,UPS,SUREPOST,1Z024EA3YW00065574,3600
856406273,1431529592,09/25/2017,UPS,SUREPOST,1Z024EA3YW00065592,3600
856412491,1431530491,09/25/2017,UPS,Ground,1Z024EA30300065643,3600
856416270,1431530672,09/25/2017,UPS,Ground,1Z024EA30300065670,3600
856417420,1431530985,09/25/2017,UPS,SUREPOST,1Z024EA3YW00065636,3600
856419706,1431531522,09/25/2017,UPS,Ground,1Z024EA30300065616,3600
856420130,1431531349,09/25/2017,UPS,Ground,1Z024EA30300065652,3600
856422773,1431532191,09/25/2017,UPS,SUREPOST,1Z024EA3YW00065627,3600
856426990,1431532830,09/25/2017,UPS,Ground,1Z024EA30300065661,3600
856431841,1431537756,09/26/2017,UPS,Ground,1Z024EA30300065778,3600
856438774,1431534548,09/25/2017,UPS,Ground,1Z024EA30300065689,3600
856444876,1431535358,09/25/2017,UPS,SUREPOST,1Z024EA3YW00065707,3600
856446021,1431535565,09/25/2017,UPS,SUREPOST,1Z024EA3YW00065725,3600
856446974,1431535536,09/25/2017,UPS,Ground,1Z024EA30300065732,3600
856447360,1431535764,09/25/2017,UPS,SUREPOST,1Z024EA3YW00065743,3600
856450506,1431538525,09/26/2017,UPS,SUREPOST,1Z024EA3YW00065789,3600
856451828,1431536423,09/25/2017,UPS,SUREPOST,1Z024EA3YW00065752,3600
856457296,1431536984,09/26/2017,UPS,Ground,1Z024EA30300065769,3600
856473231,1431539544,09/26/2017,UPS,SUREPOST,1Z024EA3YW00065805,3600
856477946,1431649257,10/09/2017,UPS,Ground,1Z024EA30300067347,3600
856493922,1431543261,09/26/2017,UPS,Ground,1Z024EA30300065821,3600
856497531,1431544050,09/26/2017,UPS,SUREPOST,1Z024EA3YW00065869,3600
856497801,1431544034,09/26/2017,UPS,SUREPOST,1Z024EA3YW00065850,3600
856498575,1431544021,09/26/2017,UPS,SUREPOST,1Z024EA3YW00065832,3600
856501387,1431544791,09/26/2017,UPS,SUREPOST,1Z024EA3YW00065841,3600
856502740,1431544758,09/27/2017,UPS,Ground,1Z024EA30300065876,3600
856506985,1431545281,09/27/2017,UPS,Ground,1Z024EA30300065885,3600
856510838,1431545752,09/27/2017,UPS,Ground,1Z024EA30300065901,3600
856515301,1431547146,09/27/2017,UPS,Ground,1Z024EA30300065929,3600
856515301,1431547146,09/27/2017,UPS,Ground,1Z024EA30300065910,3600
856515907,1431546783,09/27/2017,UPS,SUREPOST,1Z024EA3YW00065930,3600
856517089,1431547008,10/02/2017,UPS,SUREPOST,1Z024EA3YW00066091,3600
856520263,1431548035,09/27/2017,UPS,SUREPOST,1Z024EA3YW00065949,3600
856521595,1431548738,09/27/2017,UPS,SUREPOST,1Z024EA3YW00065994,3600
856524659,1431548719,09/27/2017,UPS,Ground,1Z024EA30300065956,3600
856530982,1431549624,09/27/2017,UPS,Ground,1Z024EA30300065974,3600
856541036,1431551823,09/27/2017,UPS,Ground,1Z024EA30300066008,3600
856543155,1431552109,09/27/2017,UPS,Ground,1Z024EA30300066017,3600
856545126,1431552943,09/27/2017,UPS,SUREPOST,1Z024EA3YW00066028,3600
856545548,1431552530,09/27/2017,UPS,Ground,1Z024EA30300066035,3600
856558161,1431554504,10/02/2017,UPS,SUREPOST,1Z024EA3YW00066046,3600
856559844,1431554878,10/02/2017,UPS,Ground,1Z024EA30300066053,3600
856560413,1431555008,10/02/2017,UPS,SUREPOST,1Z024EA3YW00066064,3600
856562701,1431555644,10/02/2017,UPS,Ground,1Z024EA30300066115,3600
856562701,1431555644,10/02/2017,UPS,Ground,1Z024EA30300066124,3600
856564192,1431555389,10/02/2017,UPS,SUREPOST,1Z024EA3YW00066073,3600
856566646,1431556023,10/02/2017,UPS,Ground,1Z024EA30300066133,3600
856570284,1431556672,10/02/2017,UPS,Ground,1Z024EA30300066080,3600
856583618,1431560063,10/02/2017,UPS,Ground,1Z024EA30300066142,3600
856587506,1431633396,10/06/2017,UPS,Ground,1Z024EA30300067150,3600
856588313,1431560957,10/02/2017,UPS,SUREPOST,1Z024EA3YW00066153,3600
856589909,1431570517,10/02/2017,UPS,Ground,1Z024EA30300066231,3600
856592746,1431561764,10/02/2017,UPS,SUREPOST,1Z024EA3YW00066171,3600
856599917,1431564022,10/02/2017,UPS,Ground,1Z024EA30300066188,3600
856612770,1431565035,10/02/2017,UPS,Ground,1Z024EA30300066204,3600
856625406,1431567991,10/02/2017,UPS,Ground,1Z024EA30300066213,3600
856626713,1431568221,10/02/2017,UPS,Ground,1Z024EA30300066222,3600
856628041,1431661417,10/09/2017,UPS,Ground,1Z024EA30300067758,3600
856651274,1431573557,10/02/2017,UPS,SUREPOST,1Z024EA3YW00066242,3600
856653425,1431573760,10/02/2017,UPS,SUREPOST,1Z024EA3YW00066251,3600
856655912,1431575044,10/02/2017,UPS,Ground,1Z024EA30300066268,3600
856669533,1431577032,10/02/2017,UPS,Ground,1Z024EA30300066277,3600
856671361,1431577717,10/02/2017,UPS,SUREPOST,1Z024EA3YW00066304,3600
856684505,1431580190,10/02/2017,UPS,SUREPOST,1Z024EA3YW00066297,3600
856688324,1431580628,10/02/2017,UPS,SUREPOST,1Z024EA3YW00066288,3600
856699931,1431582696,10/02/2017,UPS,Ground,1Z024EA30300066320,3600
856700478,1431582615,10/02/2017,UPS,SUREPOST,1Z024EA3YW00066313,3600
856701224,1431585882,10/02/2017,UPS,Ground,1Z024EA30300066384,3600
856702162,1431582915,10/02/2017,UPS,Ground,1Z024EA30300066339,3600
856702874,1431583151,10/02/2017,UPS,SUREPOST,1Z024EA3YW00066340,3600
856710148,1431584237,10/02/2017,UPS,Ground,1Z024EA30300066357,3600
856711246,1431584517,10/02/2017,UPS,Ground,1Z024EA30300066366,3600
856712900,1431584702,10/02/2017,UPS,SUREPOST,1Z024EA3YW00066377,3600
856713538,1431584843,10/02/2017,UPS,SUREPOST,1Z024EA3YW00066457,3600
856714969,1431585096,10/02/2017,UPS,Ground,1Z024EA30300066437,3600
856719102,1431585931,10/02/2017,UPS,Ground,1Z024EA30300066393,3600
856719181,1431586084,10/02/2017,UPS,Ground,1Z024EA30300066428,3600
856720036,1431586108,10/02/2017,UPS,Ground,1Z024EA30300066446,3600
856720148,1431618053,10/05/2017,UPS,Ground,1Z024EA30300066946,3600
856722396,1431586586,10/02/2017,UPS,Ground,1Z024EA30300066473,3600
856723774,1431586790,10/02/2017,UPS,SUREPOST,1Z024EA3YW00066402,3600
856728840,1431587705,10/02/2017,UPS,Ground,1Z024EA30300066419,3600
856734050,1431588450,10/02/2017,UPS,SUREPOST,1Z024EA3YW00066484,3600
856735917,1431588857,10/02/2017,UPS,SUREPOST,1Z024EA3YW00066466,3600
856740672,1431591661,10/02/2017,UPS,SUREPOST,1Z024EA3YW00066519,3600
856749613,1431574203,10/02/2017,UPS,SUREPOST,1Z024EA3YW00066493,3600
856754932,1431591423,10/02/2017,UPS,SUREPOST,1Z024EA3YW00066528,3600
856756278,1431591607,10/02/2017,UPS,Ground,1Z024EA30300066571,3600
856766420,1431593055,10/02/2017,UPS,Ground,1Z024EA30300066562,3600
856771178,1431593838,10/02/2017,UPS,Ground,1Z024EA30300066508,3600
856776007,1431594528,10/02/2017,UPS,Ground,1Z024EA30300066544,3600
856777790,1431594971,10/02/2017,UPS,Ground,1Z024EA30300066580,3600
856780408,1431662255,10/09/2017,UPS,SUREPOST,1Z024EA3YW00067796,3600
856789543,1431574137,10/03/2017,UPS,SUREPOST,1Z024EA3YW00066617,3600
856792398,1431596886,10/03/2017,UPS,Ground,1Z024EA30300066599,3600
856797092,1431600462,10/03/2017,UPS,Ground,1Z024EA30300066688,3600
856797768,1431597672,10/03/2017,UPS,Ground,1Z024EA30300066606,3600
856804350,1431598895,10/03/2017,UPS,Ground,1Z024EA30300066624,3600
856810604,1431599849,10/03/2017,UPS,Ground,1Z024EA30300066697,3600
856812517,1431600067,10/03/2017,UPS,Ground,1Z024EA30300066679,3600
856814740,1431600675,10/03/2017,UPS,Ground,1Z024EA30300066642,3600
856815468,1431600582,10/03/2017,UPS,Ground,1Z024EA30300066660,3600
856821437,1431601717,10/03/2017,UPS,Ground,1Z024EA30300066651,3600
856823797,1431602134,10/03/2017,UPS,Ground,1Z024EA30300066704,3600
856824893,1431625196,10/05/2017,UPS,Ground,1Z024EA30300067034,3600
856826629,1431630224,10/06/2017,UPS,SUREPOST,1Z024EA3YW00067090,3600
856827159,1431602733,10/03/2017,UPS,Ground,1Z024EA30300066722,3600
856827252,1431602907,10/03/2017,UPS,Ground,1Z024EA30300066713,3600
856828635,1431603036,10/03/2017,UPS,SUREPOST,1Z024EA3YW00066733,3600
856833226,1431639082,10/09/2017,UPS,Ground,1Z024EA30300067196,3600
856833324,1431603734,10/03/2017,UPS,Ground,1Z024EA30300066768,3600
856842220,1431605377,10/03/2017,UPS,Ground,1Z024EA30300066740,3600
856842931,1431605747,10/03/2017,UPS,SUREPOST,1Z024EA3YW00066751,3600
856844911,1431605876,10/03/2017,UPS,Ground,1Z024EA30300066777,3600
856846876,1431606210,10/04/2017,UPS,SUREPOST,1Z024EA3YW00066797,3600
856846920,1431606213,10/04/2017,UPS,Ground,1Z024EA30300066802,3600
856847951,1431606574,10/04/2017,UPS,Ground,1Z024EA30300066786,3600
856848694,1431612923,10/04/2017,UPS,Ground,1Z024EA30300066893,3600
856851973,1431652565,10/09/2017,UPS,SUREPOST,1Z024EA3YW00067447,3600
856856603,1431607818,10/04/2017,UPS,Ground,1Z024EA30300066811,3600
856856603,1431607818,10/04/2017,UPS,Ground,1Z024EA30300066820,3600
856858787,1431608176,10/04/2017,UPS,Ground,1Z024EA30300066839,3600
856866930,1431609239,10/04/2017,UPS,Ground,1Z024EA30300066857,3600
856868496,1431642164,10/09/2017,UPS,SUREPOST,1Z024EA3YW00067241,3600
856874627,1431610422,10/04/2017,UPS,SUREPOST,1Z024EA3YW00066877,3600
856879710,1431611086,10/04/2017,UPS,SUREPOST,1Z024EA3YW00066886,3600
856880576,1431611920,10/04/2017,UPS,Ground,1Z024EA30300066866,3600
856880888,1431611804,10/04/2017,UPS,SUREPOST,1Z024EA3YW00066840,3600
856896598,1431615306,10/05/2017,UPS,SUREPOST,1Z024EA3YW00066902,3600
856907168,1431617102,10/05/2017,UPS,Ground,1Z024EA30300066928,3600
856909882,1431617658,10/05/2017,UPS,SUREPOST,1Z024EA3YW00066939,3600
856917785,1431618912,10/05/2017,UPS,Ground,1Z024EA30300066973,3600
856919655,1431619419,10/05/2017,UPS,Ground,1Z024EA30300066991,3600
856922966,1431620388,10/05/2017,UPS,Ground,1Z024EA30300066982,3600
856923523,1431619967,10/05/2017,UPS,Ground,1Z024EA30300066955,3600
856925046,1431620677,10/05/2017,UPS,Ground,1Z024EA30300066964,3600
856936840,1431623214,10/05/2017,UPS,Ground,1Z024EA30300067016,3600
856937277,1431623590,10/05/2017,UPS,Ground,1Z024EA30300067025,3600
856941916,1431628775,10/06/2017,UPS,Ground,1Z024EA30300067123,3600
856952429,1431626304,10/05/2017,UPS,Ground,1Z024EA30300067070,3600
856952667,1431626147,10/05/2017,UPS,Ground,1Z024EA30300067061,3600
856953132,1431626068,10/05/2017,UPS,Ground,1Z024EA30300067043,3600
856953830,1431626089,10/05/2017,UPS,Ground,1Z024EA30300067052,3600
856966494,1431629209,10/06/2017,UPS,Ground,1Z024EA30300067141,3600
856975268,1431630386,10/06/2017,UPS,Ground,1Z024EA30300067114,3600
856980368,1431631584,10/06/2017,UPS,SUREPOST,1Z024EA3YW00067081,3600
856986418,1431632759,10/06/2017,UPS,Ground,1Z024EA30300067105,3600
856996699,1431634797,10/09/2017,UPS,Ground,1Z024EA30300067847,3600
857001467,1431635414,10/06/2017,UPS,SUREPOST,1Z024EA3YW00067170,3600
857004861,1431636146,10/06/2017,UPS,SUREPOST,1Z024EA3YW00067189,3600
857016807,1431657821,10/09/2017,UPS,Ground,1Z024EA30300067712,3600
857023747,1431640241,10/09/2017,UPS,Ground,1Z024EA30300067203,3600
857026574,1431640086,10/09/2017,UPS,Ground,1Z024EA30300067212,3600
857026621,1431653913,10/09/2017,UPS,SUREPOST,1Z024EA3YW00067474,3600
857027128,1431640166,10/09/2017,UPS,Ground,1Z024EA30300067221,3600
857031893,1431641547,10/09/2017,UPS,Ground,1Z024EA30300067276,3600
857031893,1431641547,10/09/2017,UPS,Ground,1Z024EA30300067267,3600
857032518,1431641892,10/09/2017,UPS,SUREPOST,1Z024EA3YW00067250,3600
857034636,1431641832,10/09/2017,UPS,Ground,1Z024EA30300067294,3600
857036893,1431642740,10/09/2017,UPS,Ground,1Z024EA30300067285,3600
857039946,1431668629,10/10/2017,UPS,Ground,1Z024EA30300067954,3600
857040225,1431643251,10/09/2017,UPS,Ground,1Z024EA30300067230,3600
857043870,1431644026,10/09/2017,UPS,Ground,1Z024EA30300067301,3600
857043870,1431644026,10/09/2017,UPS,Ground,1Z024EA30300067310,3600
857053582,1431645735,10/09/2017,UPS,SUREPOST,1Z024EA3YW00067330,3600
857067187,1431647577,10/09/2017,UPS,SUREPOST,1Z024EA3YW00067376,3600
857076276,1431649210,10/09/2017,UPS,SUREPOST,1Z024EA3YW00067410,3600
857076869,1431649399,10/09/2017,UPS,Ground,1Z024EA30300067409,3600
857077150,1431649284,10/09/2017,UPS,SUREPOST,1Z024EA3YW00067394,3600
857078147,1431649542,10/09/2017,UPS,Ground,1Z024EA30300067436,3600
857079587,1431649720,10/09/2017,UPS,Ground,1Z024EA30300067356,3600
857080344,1431649905,10/09/2017,UPS,SUREPOST,1Z024EA3YW00067367,3600
857083005,1431650460,10/09/2017,UPS,SUREPOST,1Z024EA3YW00067385,3600
857083578,1431650339,10/09/2017,UPS,Ground,1Z024EA30300067481,3600
857085622,1431650933,10/09/2017,UPS,SUREPOST,1Z024EA3YW00067492,3600
857087649,1431651177,10/09/2017,UPS,SUREPOST,1Z024EA3YW00067527,3600
857090229,1431651736,10/09/2017,UPS,Ground,1Z024EA30300067534,3600
857095971,1431652714,10/09/2017,UPS,Ground,1Z024EA30300067516,3600
857096284,1431652439,10/09/2017,UPS,SUREPOST,1Z024EA3YW00067465,3600
857097525,1431653046,10/09/2017,UPS,Ground,1Z024EA30300067507,3600
857098199,1431653180,10/09/2017,UPS,Ground,1Z024EA30300067454,3600
857101967,1431653842,10/09/2017,UPS,Ground,1Z024EA30300067543,3600
857104952,1431654255,10/09/2017,UPS,SUREPOST,1Z024EA3YW00067554,3600
857105562,1431657555,10/09/2017,UPS,Ground,1Z024EA30300067687,3600
857109060,1431654764,10/09/2017,UPS,Ground,1Z024EA30300067570,3600
857112394,1431655187,10/09/2017,UPS,Ground,1Z024EA30300067801,3600
857113092,1431662168,10/09/2017,UPS,Ground,1Z024EA30300067776,3600
857113811,1431655955,10/09/2017,UPS,SUREPOST,1Z024EA3YW00067590,3600
857115921,1431655954,10/09/2017,UPS,Ground,1Z024EA30300067561,3600
857117724,1431655922,10/09/2017,UPS,SUREPOST,1Z024EA3YW00067581,3600
857118380,1431656317,10/09/2017,UPS,Ground,1Z024EA30300067678,3600
857119601,1431656870,10/09/2017,UPS,Ground,1Z024EA30300067730,3600
857123695,1431657074,10/09/2017,UPS,Ground,1Z024EA30300067749,3600
857123956,1431657180,10/09/2017,UPS,Ground,1Z024EA30300067605,3600
857124921,1431657268,10/09/2017,UPS,Ground,1Z024EA30300067632,3600
857126311,1431657576,10/09/2017,UPS,Ground,1Z024EA30300067650,3600
857127322,1431657845,10/09/2017,UPS,Ground,1Z024EA30300067669,3600
857130730,1431658600,10/09/2017,UPS,Ground,1Z024EA30300067614,3600
857135348,1431659226,10/09/2017,UPS,Ground,1Z024EA30300067623,3600
857135662,1431661667,10/09/2017,UPS,Ground,1Z024EA30300067785,3600
857138656,1431660264,10/09/2017,UPS,Ground,1Z024EA30300067721,3600
857143091,1431661213,10/09/2017,UPS,SUREPOST,1Z024EA3YW00067705,3600
857143775,1431661027,10/09/2017,UPS,SUREPOST,1Z024EA3YW00067643,3600
857148112,1431661965,10/09/2017,UPS,SUREPOST,1Z024EA3YW00067769,3600
857149111,1431662214,10/09/2017,UPS,Ground,1Z024EA30300067810,3600
857152858,1431662675,10/10/2017,UPS,SUREPOST,1Z024EA3YW00067894,3600
857152894,1431662684,10/09/2017,UPS,Ground,1Z024EA30300067829,3600
857155201,1431664943,10/10/2017,UPS,Ground,1Z024EA30300067909,3600
857159445,1431663810,10/09/2017,UPS,SUREPOST,1Z024EA3YW00067867,3600
857160099,1431695368,10/12/2017,UPS,SUREPOST,1Z024EA3YW00068366,3600
857160388,1431664414,10/09/2017,UPS,SUREPOST,1Z024EA3YW00067876,3600
857160681,1431664010,10/09/2017,UPS,Ground,1Z024EA30300067856,3600
857161715,1431664374,10/10/2017,UPS,Ground,1Z024EA30300067883,3600
857180548,1431666812,10/10/2017,UPS,SUREPOST,1Z024EA3YW00068008,3600
857181736,1431705616,10/13/2017,UPS,Ground,1Z024EA30300068668,3600
857182862,1431667321,10/10/2017,UPS,SUREPOST,1Z024EA3YW00067965,3600
857183839,1431667593,10/10/2017,UPS,Ground,1Z024EA30300067936,3600
857189612,1431668348,10/10/2017,UPS,Ground,1Z024EA30300067945,3600
857190272,1431668660,10/10/2017,UPS,Ground,1Z024EA30300067981,3600
857195489,1431669558,10/10/2017,UPS,SUREPOST,1Z024EA3YW00067974,3600
857196277,1431689737,10/12/2017,UPS,Ground,1Z024EA30300068266,3600
857196441,1431669707,10/10/2017,UPS,Ground,1Z024EA30300067927,3600
857197900,1431669824,10/10/2017,UPS,Ground,1Z024EA30300067918,3600
857206985,1431671656,10/10/2017,UPS,SUREPOST,1Z024EA3YW00068017,3600
857210967,1431672241,10/10/2017,UPS,SUREPOST,1Z024EA3YW00068026,3600
857214941,1431673108,10/10/2017,UPS,SUREPOST,1Z024EA3YW00068035,3600
857224213,1431674594,10/12/2017,UPS,Ground,1Z024EA30300068042,3600
857225433,1431683070,10/12/2017,UPS,SUREPOST,1Z024EA3YW00068179,3600
857230468,1431675326,10/12/2017,UPS,SUREPOST,1Z024EA3YW00068053,3600
857233766,1431675938,10/12/2017,UPS,SUREPOST,1Z024EA3YW00068080,3600
857233986,1431676216,10/12/2017,UPS,SUREPOST,1Z024EA3YW00068124,3600
857236181,1431676361,10/12/2017,UPS,SUREPOST,1Z024EA3YW00068099,3600
857237329,1431676921,10/12/2017,UPS,SUREPOST,1Z024EA3YW00068133,3600
857237549,1431677477,10/12/2017,UPS,SUREPOST,1Z024EA3YW00068142,3600
857237845,1431676586,10/12/2017,UPS,Ground,1Z024EA30300068079,3600
857238559,1431676690,10/12/2017,UPS,Ground,1Z024EA30300068104,3600
857241287,1431677563,10/12/2017,UPS,SUREPOST,1Z024EA3YW00068115,3600
857249761,1431679568,10/12/2017,UPS,Ground,1Z024EA30300068060,3600
857265547,1431682959,10/12/2017,UPS,SUREPOST,1Z024EA3YW00068160,3600
857266327,1431683266,10/12/2017,UPS,SUREPOST,1Z024EA3YW00068151,3600
857266757,1431685270,10/12/2017,UPS,SUREPOST,1Z024EA3YW00068197,3600
857268924,1431683951,10/12/2017,UPS,SUREPOST,1Z024EA3YW00068188,3600
857275733,1431685641,10/12/2017,UPS,Ground,1Z024EA30300068211,3600
857276933,1431685031,10/12/2017,UPS,Ground,1Z024EA30300068202,3600
857285978,1431688206,10/12/2017,UPS,SUREPOST,1Z024EA3YW00068240,3600
857286117,1431688750,10/12/2017,UPS,SUREPOST,1Z024EA3YW00068277,3600
857286586,1431688185,10/12/2017,UPS,Ground,1Z024EA30300068239,3600
857286835,1431688678,10/12/2017,UPS,Ground,1Z024EA30300068293,3600
857289234,1431688771,10/12/2017,UPS,SUREPOST,1Z024EA3YW00068286,3600
857289362,1431690357,10/12/2017,UPS,SUREPOST,1Z024EA3YW00068339,3600
857289780,1431689018,10/12/2017,UPS,Ground,1Z024EA30300068257,3600
857291525,1431689716,10/12/2017,UPS,SUREPOST,1Z024EA3YW00068222,3600
857291569,1431689489,10/12/2017,UPS,SUREPOST,1Z024EA3YW00068348,3600
857292653,1431689946,10/12/2017,UPS,SUREPOST,1Z024EA3YW00068311,3600
857293073,1431690355,10/12/2017,UPS,SUREPOST,1Z024EA3YW00068320,3600
857299806,1431691758,10/12/2017,UPS,SUREPOST,1Z024EA3YW00068302,3600
857314011,1431694946,10/12/2017,UPS,SUREPOST,1Z024EA3YW00068375,3600
857315358,1431695178,10/12/2017,UPS,Ground,1Z024EA30300068355,3600
857316070,1431695516,10/12/2017,UPS,Ground,1Z024EA30300068382,3600
857318507,1431700041,10/13/2017,UPS,Ground,1Z024EA30300068480,3600
857319696,1431696289,10/12/2017,UPS,Ground,1Z024EA30300068391,3600
857325223,1431697004,10/12/2017,UPS,SUREPOST,1Z024EA3YW00068419,3600
857326579,1431697717,10/12/2017,UPS,SUREPOST,1Z024EA3YW00068428,3600
857326932,1431697426,10/12/2017,UPS,SUREPOST,1Z024EA3YW00068400,3600
857328951,1431697886,10/12/2017,UPS,SUREPOST,1Z024EA3YW00068437,3600
857332489,1431698912,10/13/2017,UPS,Ground,1Z024EA30300068453,3600
857336662,1431699684,10/13/2017,UPS,Ground,1Z024EA30300068471,3600
857337752,1431699894,10/13/2017,UPS,SUREPOST,1Z024EA3YW00068571,3600
857338825,1431699630,10/13/2017,UPS,SUREPOST,1Z024EA3YW00068464,3600
857339237,1431700059,10/13/2017,UPS,SUREPOST,1Z024EA3YW00068491,3600
857339372,1431700916,10/13/2017,UPS,Ground,1Z024EA30300068597,3600
857340839,1431700516,10/13/2017,UPS,Ground,1Z024EA30300068640,3600
857341325,1431700429,10/13/2017,UPS,SUREPOST,1Z024EA3YW00068633,3600
857341688,1431700993,10/13/2017,UPS,SUREPOST,1Z024EA3YW00068580,3600
857341694,1431701031,10/13/2017,UPS,Ground,1Z024EA30300068542,3600
857342492,1431701056,10/13/2017,UPS,SUREPOST,1Z024EA3YW00068606,3600
857343135,1431701133,10/13/2017,UPS,SUREPOST,1Z024EA3YW00068553,3600
857343393,1431701143,10/13/2017,UPS,Ground,1Z024EA30300068506,3600
857343675,1431701210,10/13/2017,UPS,SUREPOST,1Z024EA3YW00068624,3600
857344153,1431701325,10/13/2017,UPS,Ground,1Z024EA30300068659,3600
857344175,1431701218,10/13/2017,UPS,SUREPOST,1Z024EA3YW00068615,3600
857345418,1431701365,10/13/2017,UPS,Ground,1Z024EA30300068533,3600
857346360,1431701681,10/13/2017,UPS,SUREPOST,1Z024EA3YW00068562,3600
857346373,1431701943,10/13/2017,UPS,SUREPOST,1Z024EA3YW00068526,3600
857352747,1431703637,10/13/2017,UPS,Ground,1Z024EA30300068515,3600
857358631,1431705154,10/13/2017,UPS,SUREPOST,1Z024EA3YW00068679,3600
857360747,1431705723,10/13/2017,UPS,SUREPOST,1Z024EA3YW00068704,3600
