order_id,salescheck,shipped_date,delivery_type_code,carrier,ship_mode,tracking_number,create_time
851648392,093002412321,"2017-07-10 00:00:00",A,UPS,GD,"1Z7760420300183312    ","2017-07-08 21:44:12"
851648392,093002412321,"2017-07-10 00:00:00",A,UPS,GD,"1Z7760420300183312    ","2017-07-08 21:44:12"
852446017,093002412791,"2017-07-09 00:00:00",A,UPS,GD,"1Z7760420300183205    ","2017-07-08 22:22:13"
852446017,093002412791,"2017-07-09 00:00:00",A,UPS,GD,"1Z7760420300183205    ","2017-07-08 22:22:13"
852446017,093002412791,"2017-07-09 00:00:00",A,UPS,GD,"1Z7760420300183205    ","2017-07-08 22:22:13"
852446017,093002412791,"2017-07-09 00:00:00",A,UPS,GD,"1Z7760420300183205    ","2017-07-08 22:22:13"
852446017,093002412791,"2017-07-09 00:00:00",A,UPS,GD,"1Z7760420300183205    ","2017-07-08 22:22:13"
852446017,093002412791,"2017-07-09 00:00:00",A,UPS,GD,"1Z7760420300183205    ","2017-07-08 22:22:13"
852446017,093002412791,"2017-07-09 00:00:00",A,UPS,GD,"1Z7760420300183205    ","2017-07-08 22:22:13"
852446017,093002412791,"2017-07-09 00:00:00",A,UPS,GD,"1Z7760420300183205    ","2017-07-08 22:22:13"
852446017,093002412791,"2017-07-09 00:00:00",A,UPS,GD,"1Z7760420300183205    ","2017-07-08 22:22:13"
852451420,093002416524,"2017-07-10 00:00:00",A,UPS,GD,"1Z7760420300183303    ","2017-07-09 00:09:12"
851860333,093002416657,"2017-07-09 00:00:00",R,UPS,GDE,"1Z776042YW00183225    ","2017-07-09 00:15:07"
852450627,093002416831,"2017-07-09 00:00:00",A,UPS,GD,"1Z7760420300183214    ","2017-07-09 00:16:38"
852450627,093002416831,"2017-07-09 00:00:00",A,UPS,GD,"1Z7760420300183214    ","2017-07-09 00:16:38"
852455064,093002419138,"2017-07-09 00:00:00",A,UPS,GD,"1Z7760420300183198    ","2017-07-09 02:21:37"
852458888,093002422025,"2017-07-09 00:00:00",A,UPS,GD,"1Z7760420300183241    ","2017-07-09 08:36:42"
852460224,093002422099,"2017-07-09 00:00:00",A,UPS,GD,"1Z7760420300183269    ","2017-07-09 09:13:12"
852460224,093002422099,"2017-07-09 00:00:00",A,UPS,GD,"1Z7760420300183269    ","2017-07-09 09:13:12"
852460224,093002422099,"2017-07-09 00:00:00",A,UPS,GD,"1Z7760420300183269    ","2017-07-09 09:13:12"
852466524,093002429063,"2017-07-09 00:00:00",A,UPS,GD,"1Z7760420300183278    ","2017-07-09 11:55:42"
852472438,093002433020,"2017-07-09 00:00:00",A,UPS,GD,"1Z7760420300183232    ","2017-07-09 13:35:07"
852472370,093002435608,"2017-07-09 00:00:00",R,UPS,GDE,"1Z776042YW00183252    ","2017-07-09 14:22:13"
852482215,093002440952,"2017-07-10 00:00:00",A,UPS,GD,"1Z7760420300183349    ","2017-07-09 15:49:08"
852471951,093002441053,"2017-07-10 00:00:00",A,UPS,GD,"1Z7760420300183330    ","2017-07-09 15:49:13"
852471951,093002441053,"2017-07-10 00:00:00",A,UPS,GD,"1Z7760420300183330    ","2017-07-09 15:49:13"
852484494,093002443179,"2017-07-10 00:00:00",A,UPS,GD,"1Z7760420300183321    ","2017-07-09 16:04:43"
852485732,093002444901,"2017-07-10 00:00:00",A,UPS,GD,"1Z7760420300183358    ","2017-07-09 16:42:42"
852487707,093002446080,"2017-07-10 00:00:00",R,UPS,GDE,"1Z776042YW00183369    ","2017-07-09 17:04:38"
852496160,093002453901,"2017-07-10 00:00:00",A,UPS,GD,"1Z7760420300183385    ","2017-07-09 18:46:08"
852480811,093002452740,"2017-07-10 00:00:00",R,UPS,GDE,"1Z776042YW00183378    ","2017-07-09 18:53:38"
852480811,093002452740,"2017-07-10 00:00:00",R,UPS,GDE,"1Z776042YW00183378    ","2017-07-09 18:53:38"
852498671,093002457525,"2017-07-10 00:00:00",A,UPS,GD,"1Z7760420300183483    ","2017-07-09 20:28:43"
852498671,093002457525,"2017-07-10 00:00:00",A,UPS,GD,"1Z7760420300183483    ","2017-07-09 20:28:43"
852507470,093002463616,"2017-07-10 00:00:00",A,UPS,GD,"1Z7760420300183456    ","2017-07-09 22:24:08"
852507470,093002463616,"2017-07-10 00:00:00",A,UPS,GD,"1Z7760420300183456    ","2017-07-09 22:24:08"
852507470,093002463283,"2017-07-10 00:00:00",A,UPS,GD,"1Z7760420300183438    ","2017-07-09 22:24:08"
852507470,093002463283,"2017-07-10 00:00:00",A,UPS,GD,"1Z7760420300183438    ","2017-07-09 22:24:08"
852507470,093002463283,"2017-07-10 00:00:00",A,UPS,GD,"1Z7760420300183438    ","2017-07-09 22:24:08"
852510260,093002466037,"2017-07-10 00:00:00",A,UPS,GD,"1Z7760420300183410    ","2017-07-09 23:14:38"
852510260,093002466037,"2017-07-10 00:00:00",A,UPS,GD,"1Z7760420300183410    ","2017-07-09 23:14:38"
852510260,093002466037,"2017-07-10 00:00:00",A,UPS,GD,"1Z7760420300183410    ","2017-07-09 23:14:38"
852510260,093002466037,"2017-07-10 00:00:00",A,UPS,GD,"1Z7760420300183410    ","2017-07-09 23:14:38"
852513183,093002491464,"2017-07-10 00:00:00",R,UPS,GDE,"1Z776042YW00183467    ","2017-07-10 01:43:42"
852517102,093002491972,"2017-07-10 00:00:00",A,UPS,GD,"1Z7760420300183518    ","2017-07-10 02:06:08"
852517080,093002492097,"2017-07-10 00:00:00",A,UPS,GD,"1Z7760420300183509    ","2017-07-10 02:30:12"
852517080,093002492097,"2017-07-10 00:00:00",A,UPS,GD,"1Z7760420300183509    ","2017-07-10 02:30:12"
852517866,093002493209,"2017-07-10 00:00:00",R,UPS,GDE,"1Z776042YW00183421    ","2017-07-10 02:57:38"
852517866,093002493209,"2017-07-10 00:00:00",R,UPS,GDE,"1Z776042YW00183421    ","2017-07-10 02:57:38"
852526421,093002499470,"2017-07-10 00:00:00",R,UPS,GDE,"1Z776042YW00183476    ","2017-07-10 10:35:44"
852526421,093002499470,"2017-07-10 00:00:00",R,UPS,GDE,"1Z776042YW00183476    ","2017-07-10 10:35:44"
852530458,093002533813,"2017-07-10 00:00:00",R,UPS,GDE,"1Z776042YW00183494    ","2017-07-10 11:26:37"
852531077,093002534083,"2017-07-10 00:00:00",R,UPS,GDE,"1Z776042YW00183449    ","2017-07-10 11:44:43"
852538423,093002540163,"2017-07-11 00:00:00",R,UPS,GDE,"1Z776042YW00183529    ","2017-07-10 13:48:13"
852540399,093002542887,"2017-07-11 00:00:00",A,UPS,GD,"1Z7760420300183536    ","2017-07-10 14:40:13"
852543599,093002544734,"2017-07-11 00:00:00",A,UPS,GD,"1Z7760420300183545    ","2017-07-10 14:57:48"
852549303,093002549808,"2017-07-11 00:00:00",A,UPS,GD,"1Z7760420300183554    ","2017-07-10 16:15:43"
852458257,093002570612,"2017-07-11 00:00:00",A,UPS,GD,"1Z7760420300183563    ","2017-07-10 16:27:43"
852550377,093002571623,"2017-07-11 00:00:00",A,UPS,GD,"1Z7760420300183572    ","2017-07-10 16:43:38"
852550377,093002571623,"2017-07-11 00:00:00",A,UPS,GD,"1Z7760420300183572    ","2017-07-10 16:43:38"
852556932,093002576242,"2017-07-11 00:00:00",A,UPS,GD,"1Z7760420300183581    ","2017-07-10 18:11:13"
852558523,093002577684,"2017-07-11 00:00:00",A,UPS,GD,"1Z7760420300183590    ","2017-07-10 18:37:13"
852560683,093002579939,"2017-07-11 00:00:00",A,UPS,GD,"1Z7760420300183607    ","2017-07-10 19:14:42"
852561317,093002580738,"2017-07-11 00:00:00",R,UPS,GDE,"1Z776042YW00183618    ","2017-07-10 19:31:43"
852563157,093002581957,"2017-07-11 00:00:00",A,UPS,GD,"1Z7760420300183625    ","2017-07-10 20:13:07"
852563323,093002582294,"2017-07-11 00:00:00",R,UPS,GDE,"1Z776042YW00183636    ","2017-07-10 20:13:43"
852563323,093002582294,"2017-07-11 00:00:00",R,UPS,GDE,"1Z776042YW00183636    ","2017-07-10 20:13:43"
852563323,093002582294,"2017-07-11 00:00:00",R,UPS,GDE,"1Z776042YW00183636    ","2017-07-10 20:13:43"
852566126,093002584197,"2017-07-11 00:00:00",A,UPS,GD,"1Z7760420300183643    ","2017-07-10 20:46:12"
852568360,093002586035,"2017-07-11 00:00:00",A,UPS,GD,"1Z7760420300183652    ","2017-07-10 20:48:54"
852568425,093002587390,"2017-07-11 00:00:00",R,UPS,GDE,"1Z776042YW00183716    ","2017-07-10 21:44:08"
852568425,093002587390,"2017-07-11 00:00:00",R,UPS,GDE,"1Z776042YW00183716    ","2017-07-10 21:44:08"
852571303,093002588378,"2017-07-11 00:00:00",R,UPS,GDE,"1Z776042YW00183707    ","2017-07-10 22:08:12"
852571303,093002588378,"2017-07-11 00:00:00",R,UPS,GDE,"1Z776042YW00183707    ","2017-07-10 22:08:12"
852571670,093002589704,"2017-07-11 00:00:00",A,UPS,GD,"1Z7760420300183661    ","2017-07-10 22:22:12"
852588146,093003012756,"2017-07-11 00:00:00",R,UPS,GDE,"1Z776042YW00183690    ","2017-07-11 09:35:29"
852588146,093003012756,"2017-07-11 00:00:00",R,UPS,GDE,"1Z776042YW00183690    ","2017-07-11 09:35:29"
852589342,093003013803,"2017-07-11 00:00:00",A,UPS,GD,"1Z7760420300183689    ","2017-07-11 09:57:59"
852589916,093003014246,"2017-07-11 00:00:00",A,UPS,GD,"1Z7760420300183670    ","2017-07-11 10:15:06"
852603587,093003025314,"2017-07-12 00:00:00",A,UPS,GD,"1Z7760420300183732    ","2017-07-11 14:07:30"
852608759,093003028672,"2017-07-12 00:00:00",A,UPS,GD,"1Z7760420300183741    ","2017-07-11 15:19:59"
852609531,093003029854,"2017-07-11 00:00:00",A,UPS,GD,"1Z7760420300183723    ","2017-07-11 15:32:29"
852612743,093003033568,"2017-07-12 00:00:00",A,UPS,GD,"1Z7760420300183769    ","2017-07-11 16:50:37"
852612743,093003033568,"2017-07-12 00:00:00",A,UPS,GD,"1Z7760420300183769    ","2017-07-11 16:50:37"
852615835,093003034766,"2017-07-12 00:00:00",A,UPS,GD,"1Z7760420300183750    ","2017-07-11 17:04:06"
852615613,093003035564,"2017-07-12 00:00:00",R,UPS,GDE,"1Z776042YW00183770    ","2017-07-11 17:24:30"
852618864,093003038404,"2017-07-12 00:00:00",A,UPS,GD,"1Z7760420300183787    ","2017-07-11 18:14:59"
852621933,093003040026,"2017-07-12 00:00:00",R,UPS,GDE,"1Z776042YW00183798    ","2017-07-11 18:21:08"
852621933,093003040026,"2017-07-12 00:00:00",R,UPS,GDE,"1Z776042YW00183798    ","2017-07-11 18:21:08"
852621933,093003040026,"2017-07-12 00:00:00",R,UPS,GDE,"1Z776042YW00183798    ","2017-07-11 18:21:08"
852571830,093003041822,"2017-07-12 00:00:00",R,UPS,GDE,"1Z776042YW00183805    ","2017-07-11 19:00:29"
852627541,093003044229,"2017-07-12 00:00:00",R,UPS,GDE,"1Z776042YW00183823    ","2017-07-11 20:19:59"
852627470,093003045164,"2017-07-12 00:00:00",A,UPS,GD,"1Z7760420300183812    ","2017-07-11 20:45:30"
852627470,093003045164,"2017-07-12 00:00:00",A,UPS,GD,"1Z7760420300183812    ","2017-07-11 20:45:30"
852627470,093003045164,"2017-07-12 00:00:00",A,UPS,GD,"1Z7760420300183812    ","2017-07-11 20:45:30"
852627470,093003045164,"2017-07-12 00:00:00",A,UPS,GD,"1Z7760420300183812    ","2017-07-11 20:45:30"
852627470,093003045164,"2017-07-12 00:00:00",A,UPS,GD,"1Z7760420300183812    ","2017-07-11 20:45:30"
852628290,093003045770,"2017-07-12 00:00:00",A,UPS,GD,"1Z7760420300183830    ","2017-07-11 20:52:38"
852631927,093003047647,"2017-07-12 00:00:00",A,UPS,GD,"1Z7760420300183894    ","2017-07-11 21:31:06"
852633025,093003049108,"2017-07-13 00:00:00",A,UPS,GD,"1Z7760420300184008    ","2017-07-11 21:57:59"
852633257,093003049845,"2017-07-12 00:00:00",A,UPS,GD,"1Z7760420300183901    ","2017-07-11 22:14:06"
852636241,093003061579,"2017-07-12 00:00:00",R,UPS,GDE,"1Z776042YW00183958    ","2017-07-11 22:50:07"
852639985,093003065543,"2017-07-12 00:00:00",A,UPS,GD,"1Z7760420300183885    ","2017-07-12 00:15:29"
852640646,093003065399,"2017-07-12 00:00:00",R,UPS,GDE,"1Z776042YW00183921    ","2017-07-12 00:17:59"
852640646,093003065399,"2017-07-12 00:00:00",R,UPS,GDE,"1Z776042YW00183921    ","2017-07-12 00:17:59"
852640646,093003065399,"2017-07-12 00:00:00",R,UPS,GDE,"1Z776042YW00183921    ","2017-07-12 00:17:59"
852641073,093003066326,"2017-07-12 00:00:00",R,UPS,GDE,"1Z776042YW00183930    ","2017-07-12 00:27:06"
852649578,093003072354,"2017-07-12 00:00:00",A,UPS,GD,"1Z7760420300183910    ","2017-07-12 09:24:29"
852649654,093003072802,"2017-07-12 00:00:00",R,UPS,GDE,"1Z776042YW00183949    ","2017-07-12 09:26:59"
852652597,093003074563,"2017-07-12 00:00:00",A,UPS,GD,"1Z7760420300183992    ","2017-07-12 10:32:35"
852652597,093003074563,"2017-07-12 00:00:00",A,UPS,GD,"1Z7760420300183992    ","2017-07-12 10:32:35"
852655273,093003076761,"2017-07-12 00:00:00",A,UPS,GD,"1Z7760420300183876    ","2017-07-12 11:40:09"
852660339,093003079683,"2017-07-12 00:00:00",A,UPS,GD,"1Z7760420300183965    ","2017-07-12 13:04:59"
852663339,093003082283,"2017-07-13 00:00:00",R,UPS,GDE,"1Z776042YW00184019    ","2017-07-12 14:41:00"
852664050,093003083133,"2017-07-13 00:00:00",A,UPS,GD,"1Z7760420300184026    ","2017-07-12 14:53:36"
852664050,093003083133,"2017-07-13 00:00:00",A,UPS,GD,"1Z7760420300184026    ","2017-07-12 14:53:36"
852664050,093003083133,"2017-07-13 00:00:00",A,UPS,GD,"1Z7760420300184035    ","2017-07-12 14:53:36"
852664050,093003083133,"2017-07-13 00:00:00",A,UPS,GD,"1Z7760420300184044    ","2017-07-12 14:53:36"
852664050,093003083133,"2017-07-13 00:00:00",A,UPS,GD,"1Z7760420300184026    ","2017-07-12 14:53:36"
852665633,093003085266,"2017-07-12 00:00:00",R,UPS,GDE,"1Z776042YW00183976    ","2017-07-12 15:49:35"
852669579,093003086382,"2017-07-12 00:00:00",A,UPS,GD,"1Z7760420300183983    ","2017-07-12 16:01:39"
852673611,093003089173,"2017-07-13 00:00:00",A,UPS,GD,"1Z7760420300184053    ","2017-07-12 17:46:29"
852674193,093003090247,"2017-07-13 00:00:00",A,UPS,GD,"1Z7760420300184062    ","2017-07-12 18:13:00"
852677597,093003092630,"2017-07-13 00:00:00",A,UPS,GD,"1Z7760420300184080    ","2017-07-12 19:24:00"
852677597,093003092630,"2017-07-13 00:00:00",A,UPS,GD,"1Z7760420300184080    ","2017-07-12 19:24:00"
852678509,093003092367,"2017-07-13 00:00:00",R,UPS,GDE,"1Z776042YW00184073    ","2017-07-12 19:25:35"
852688107,093003099194,"2017-07-13 00:00:00",A,UPS,GD,"1Z7760420300184133    ","2017-07-12 22:51:59"
852685672,093003099582,"2017-07-13 00:00:00",A,UPS,GD,"1Z7760420300184115    ","2017-07-12 23:04:59"
852631316,093003104807,"2017-07-13 00:00:00",A,UPS,GD,"1Z7760420300184124    ","2017-07-13 03:29:15"
852309747,093003107311,"2017-07-13 00:00:00",A,UPS,GD,"1Z7760420300184106    ","2017-07-13 09:23:45"
852706071,093003141103,"2017-07-13 00:00:00",R,UPS,GDE,"1Z776042YW00184091    ","2017-07-13 11:44:58"
852706071,093003141103,"2017-07-13 00:00:00",R,UPS,GDE,"1Z776042YW00184091    ","2017-07-13 11:44:58"
852708720,093003142704,"2017-07-14 00:00:00",R,UPS,GDE,"1Z776042YW00184144    ","2017-07-13 12:27:47"
852712006,093003145611,"2017-07-14 00:00:00",A,UPS,GD,"1Z7760420300184151    ","2017-07-13 14:09:16"
848386753,093003148606,"2017-07-14 00:00:00",A,UPS,GD,"1Z7760420300184160    ","2017-07-13 15:29:17"
848386753,093003148606,"2017-07-14 00:00:00",A,UPS,GD,"1Z7760420300184160    ","2017-07-13 15:29:17"
848386753,093003148606,"2017-07-14 00:00:00",A,UPS,GD,"1Z7760420300184160    ","2017-07-13 15:29:17"
852718473,093003150557,"2017-07-14 00:00:00",A,UPS,GD,"1Z7760420300184179    ","2017-07-13 16:10:28"
852728408,093003155454,"2017-07-14 00:00:00",R,UPS,GDE,"1Z776042YW00184180    ","2017-07-13 19:07:27"
852728408,093003155454,"2017-07-14 00:00:00",R,UPS,GDE,"1Z776042YW00184180    ","2017-07-13 19:07:27"
852729492,093003156517,"2017-07-14 00:00:00",A,UPS,GD,"1Z7760420300184197    ","2017-07-13 19:22:15"
852745834,093003166748,"2017-07-14 00:00:00",A,UPS,GD,"1Z7760420300184375    ","2017-07-14 03:29:28"
852750186,093003169586,"2017-07-14 00:00:00",A,UPS,GD,"1Z7760420300184357    ","2017-07-14 09:33:45"
852758443,093003175740,"2017-07-14 00:00:00",A,UPS,GD,"1Z7760420300184384    ","2017-07-14 12:35:58"
852758443,093003175740,"2017-07-14 00:00:00",A,UPS,GD,"1Z7760420300184384    ","2017-07-14 12:35:58"
852759385,093003176618,"2017-07-14 00:00:00",A,UPS,GD,"1Z7760420300184366    ","2017-07-14 12:50:45"
852759385,093003176618,"2017-07-14 00:00:00",A,UPS,GD,"1Z7760420300184366    ","2017-07-14 12:50:45"
852759385,093003176618,"2017-07-14 00:00:00",A,UPS,GD,"1Z7760420300184366    ","2017-07-14 12:50:45"
852759385,093003176618,"2017-07-14 00:00:00",A,UPS,GD,"1Z7760420300184366    ","2017-07-14 12:50:45"
852759385,093003176618,"2017-07-14 00:00:00",A,UPS,GD,"1Z7760420300184366    ","2017-07-14 12:50:45"
852761574,093003177844,"2017-07-14 00:00:00",A,UPS,GD,"1Z7760420300184393    ","2017-07-14 13:47:45"
851461633,093003180691,"2017-07-14 00:00:00",A,UPS,GD,"1Z7760420300184428    ","2017-07-14 15:14:28"
851461633,093003180691,"2017-07-14 00:00:00",A,UPS,GD,"1Z7760420300184428    ","2017-07-14 15:14:28"
852766491,093003181525,"2017-07-14 00:00:00",R,UPS,GDE,"1Z776042YW00184402    ","2017-07-14 15:27:45"
852766491,093003181525,"2017-07-14 00:00:00",R,UPS,GDE,"1Z776042YW00184402    ","2017-07-14 15:27:45"
852766491,093003181525,"2017-07-14 00:00:00",R,UPS,GDE,"1Z776042YW00184402    ","2017-07-14 15:27:45"
852767807,093003182312,"2017-07-14 00:00:00",A,UPS,GD,"1Z7760420300184419    ","2017-07-14 15:44:58"
852772422,093003184975,"2017-07-15 00:00:00",R,UPS,GDE,"1Z776042YW00184528    ","2017-07-14 17:01:45"
852771187,093003184800,"2017-07-15 00:00:00",R,UPS,GDE,"1Z776042YW00184457    ","2017-07-14 17:02:45"
852771187,093003184800,"2017-07-15 00:00:00",R,UPS,GDE,"1Z776042YW00184457    ","2017-07-14 17:02:45"
852771187,093003184800,"2017-07-15 00:00:00",R,UPS,GDE,"1Z776042YW00184457    ","2017-07-14 17:02:45"
852771187,093003184800,"2017-07-15 00:00:00",R,UPS,GDE,"1Z776042YW00184457    ","2017-07-14 17:02:45"
852771187,093003184800,"2017-07-15 00:00:00",R,UPS,GDE,"1Z776042YW00184457    ","2017-07-14 17:02:45"
852775898,093003189895,"2017-07-15 00:00:00",A,UPS,GD,"1Z7760420300184473    ","2017-07-14 19:12:58"
852780217,093003201215,"2017-07-15 00:00:00",A,UPS,GD,"1Z7760420300184482    ","2017-07-14 20:06:16"
852780217,093003201215,"2017-07-15 00:00:00",A,UPS,GD,"1Z7760420300184482    ","2017-07-14 20:06:16"
852780217,093003201215,"2017-07-15 00:00:00",A,UPS,GD,"1Z7760420300184482    ","2017-07-14 20:06:16"
852780217,093003201215,"2017-07-15 00:00:00",A,UPS,GD,"1Z7760420300184482    ","2017-07-14 20:06:16"
852780217,093003201215,"2017-07-15 00:00:00",A,UPS,GD,"1Z7760420300184482    ","2017-07-14 20:06:16"
852780217,093003201215,"2017-07-15 00:00:00",A,UPS,GD,"1Z7760420300184482    ","2017-07-14 20:06:16"
852780217,093003201215,"2017-07-15 00:00:00",A,UPS,GD,"1Z7760420300184482    ","2017-07-14 20:06:16"
991873241,093003203117,"2017-07-15 00:00:00",R,UPS,GDE,"1Z776042YW00184519    ","2017-07-14 21:08:29"
991873241,093003203117,"2017-07-15 00:00:00",R,UPS,GDE,"1Z776042YW00184519    ","2017-07-14 21:08:29"
991873241,093003203117,"2017-07-15 00:00:00",R,UPS,GDE,"1Z776042YW00184519    ","2017-07-14 21:08:29"
991873241,093003203117,"2017-07-15 00:00:00",R,UPS,GDE,"1Z776042YW00184519    ","2017-07-14 21:08:29"
848637199,093003205869,"2017-07-15 00:00:00",R,UPS,GDE,"1Z776042YW00184564    ","2017-07-14 22:58:58"
848637199,093003205869,"2017-07-15 00:00:00",R,UPS,GDE,"1Z776042YW00184564    ","2017-07-14 22:58:58"
848637199,093003205869,"2017-07-15 00:00:00",R,UPS,GDE,"1Z776042YW00184564    ","2017-07-14 22:58:58"
852788244,093003206461,"2017-07-15 00:00:00",A,UPS,GD,"1Z7760420300184437    ","2017-07-14 23:21:45"
852795632,093003221308,"2017-07-15 00:00:00",R,UPS,GDE,"1Z776042YW00184466    ","2017-07-15 05:50:57"
852796778,093003222215,"2017-07-15 00:00:00",R,UPS,GDE,"1Z776042YW00184493    ","2017-07-15 08:47:57"
852796778,093003222215,"2017-07-15 00:00:00",R,UPS,GDE,"1Z776042YW00184493    ","2017-07-15 08:47:57"
852799536,093003223663,"2017-07-15 00:00:00",R,UPS,GDE,"1Z776042YW00184573    ","2017-07-15 10:35:28"
852804546,093003227154,"2017-07-15 00:00:00",R,UPS,GDE,"1Z776042YW00184500    ","2017-07-15 11:49:45"
852804684,093003227156,"2017-07-15 00:00:00",A,UPS,GD,"1Z7760420300184446    ","2017-07-15 11:55:45"
852805060,093003227564,"2017-07-15 00:00:00",A,UPS,GD,"1Z7760420300184535    ","2017-07-15 12:06:45"
852810638,093003230995,"2017-07-15 00:00:00",A,UPS,GD,"1Z7760420300184553    ","2017-07-15 14:11:32"
852810638,093003230995,"2017-07-15 00:00:00",A,UPS,GD,"1Z7760420300184553    ","2017-07-15 14:11:32"
852811365,093003232705,"2017-07-15 00:00:00",A,UPS,GD,"1Z7760420300184544    ","2017-07-15 14:34:45"
852815895,093003234893,"2017-07-15 00:00:00",A,UPS,GD,"1Z7760420300184580    ","2017-07-15 15:59:58"
852815895,093003234893,"2017-07-15 00:00:00",A,UPS,GD,"1Z7760420300184580    ","2017-07-15 15:59:58"
852819016,093003237529,"2017-07-17 00:00:00",A,UPS,GD,"1Z7760420300184599    ","2017-07-15 18:06:58"
852821448,093003242286,"2017-07-17 00:00:00",A,UPS,GD,"1Z7760420300184606    ","2017-07-15 18:35:28"
852831054,093003246713,"2017-07-17 00:00:00",A,UPS,GD,"1Z7760420300184642    ","2017-07-15 21:28:14"
852833729,093003248532,"2017-07-17 00:00:00",A,UPS,GD,"1Z7760420300184697    ","2017-07-15 22:26:45"
852830072,093003249046,"2017-07-17 00:00:00",R,UPS,GDE,"1Z776042YW00184671    ","2017-07-15 22:48:57"
852836496,093003251304,"2017-07-17 00:00:00",R,UPS,GDE,"1Z776042YW00184653    ","2017-07-16 00:04:45"
852838004,093003251488,"2017-07-17 00:00:00",R,UPS,GDE,"1Z776042YW00184715    ","2017-07-16 00:36:58"
852838560,093003252377,"2017-07-17 00:00:00",R,UPS,GDE,"1Z776042YW00184680    ","2017-07-16 01:03:15"
852840389,093003253944,"2017-07-17 00:00:00",A,UPS,GD,"1Z7760420300184615    ","2017-07-16 02:59:57"
852841836,093003253892,"2017-07-17 00:00:00",R,UPS,GDE,"1Z776042YW00184706    ","2017-07-16 03:10:15"
852842471,093003254480,"2017-07-17 00:00:00",A,UPS,GD,"1Z7760420300184624    ","2017-07-16 05:01:15"
852849224,093003258733,"2017-07-17 00:00:00",A,UPS,GD,"1Z7760420300184633    ","2017-07-16 10:44:45"
852847004,093003261118,"2017-07-17 00:00:00",A,UPS,GD,"1Z7760420300184660    ","2017-07-16 11:56:28"
852853731,093003261922,"2017-07-17 00:00:00",R,UPS,GDE,"1Z776042YW00184724    ","2017-07-16 12:24:28"
852853731,093003261922,"2017-07-17 00:00:00",R,UPS,GDE,"1Z776042YW00184724    ","2017-07-16 12:24:28"
852855077,093003263334,"2017-07-17 00:00:00",R,UPS,GDE,"1Z776042YW00184733    ","2017-07-16 12:57:27"
852859196,093003268655,"2017-07-17 00:00:00",R,UPS,GDE,"1Z776042YW00184742    ","2017-07-16 15:07:45"
852865590,093003280948,"2017-07-17 00:00:00",A,UPS,GD,"1Z7760420300184759    ","2017-07-16 16:06:28"
852865117,093003281338,"2017-07-17 00:00:00",A,UPS,GD,"1Z7760420300184768    ","2017-07-16 16:12:58"
852865117,093003281338,"2017-07-17 00:00:00",A,UPS,GD,"1Z7760420300184777    ","2017-07-16 16:12:58"
849320033,093003284116,"2017-07-17 00:00:00",A,UPS,GD,"1Z7760420300184786    ","2017-07-16 17:03:28"
852873474,093003288232,"2017-07-17 00:00:00",R,UPS,GDE,"1Z776042YW00184797    ","2017-07-16 18:32:58"
852888727,093003302857,"2017-07-18 00:00:00",R,UPS,GDE,"1Z776042YW00184868    ","2017-07-17 01:57:27"
852902708,093003308548,"2017-07-17 00:00:00",A,UPS,GD,"1Z7760420300184857    ","2017-07-17 10:15:45"
852902378,093003308690,"2017-07-18 00:00:00",R,UPS,GDE,"1Z776042YW00184877    ","2017-07-17 10:38:28"
852902378,093003308690,"2017-07-18 00:00:00",R,UPS,GDE,"1Z776042YW00184877    ","2017-07-17 10:38:28"
852902378,093003308690,"2017-07-18 00:00:00",R,UPS,GDE,"1Z776042YW00184877    ","2017-07-17 10:38:28"
852906333,093003311394,"2017-07-18 00:00:00",R,UPS,GDE,"1Z776042YW00184886    ","2017-07-17 11:30:15"
852907099,093003313608,"2017-07-18 00:00:00",R,UPS,GDE,"1Z776042YW00184895    ","2017-07-17 12:15:15"
852907919,093003313531,"2017-07-18 00:00:00",A,UPS,GD,"1Z7760420300184900    ","2017-07-17 12:15:46"
852907919,093003313531,"2017-07-18 00:00:00",A,UPS,GD,"1Z7760420300184900    ","2017-07-17 12:15:46"
852907919,093003313531,"2017-07-18 00:00:00",A,UPS,GD,"1Z7760420300184900    ","2017-07-17 12:15:46"
852907919,093003313531,"2017-07-18 00:00:00",A,UPS,GD,"1Z7760420300184900    ","2017-07-17 12:15:46"
852909732,093003314362,"2017-07-18 00:00:00",R,UPS,GDE,"1Z776042YW00184911    ","2017-07-17 12:35:45"
852909691,093003314451,"2017-07-18 00:00:00",R,UPS,GDE,"1Z776042YW00184920    ","2017-07-17 12:42:35"
852910518,093003314655,"2017-07-17 00:00:00",A,UPS,GD,"1Z7760420300184848    ","2017-07-17 12:42:58"
852913483,093003317448,"2017-07-17 00:00:00",A,UPS,GD,"1Z7760420300184802    ","2017-07-17 14:01:45"
852915324,093003318497,"2017-07-18 00:00:00",A,UPS,GD,"1Z7760420300184937    ","2017-07-17 14:30:15"
852890042,093003350537,"2017-07-18 00:00:00",A,UPS,GD,"1Z7760420300184946    ","2017-07-17 15:02:28"
852919597,093003352113,"2017-07-18 00:00:00",A,UPS,GD,"1Z7760420300184955    ","2017-07-17 15:12:53"
852919597,093003352113,"2017-07-18 00:00:00",A,UPS,GD,"1Z7760420300184955    ","2017-07-17 15:12:53"
852919597,093003352113,"2017-07-18 00:00:00",A,UPS,GD,"1Z7760420300184955    ","2017-07-17 15:12:53"
852926091,093003357381,"2017-07-18 00:00:00",A,UPS,GD,"1Z7760420300184964    ","2017-07-17 17:25:15"
852928437,093003359880,"2017-07-18 00:00:00",R,UPS,GDE,"1Z776042YW00184975    ","2017-07-17 18:27:03"
852928437,093003359880,"2017-07-18 00:00:00",R,UPS,GDE,"1Z776042YW00184975    ","2017-07-17 18:27:03"
852929594,093003360448,"2017-07-18 00:00:00",R,UPS,GDE,"1Z776042YW00184984    ","2017-07-17 18:35:59"
852929594,093003360448,"2017-07-18 00:00:00",R,UPS,GDE,"1Z776042YW00184984    ","2017-07-17 18:35:59"
852929594,093003360448,"2017-07-18 00:00:00",R,UPS,GDE,"1Z776042YW00184984    ","2017-07-17 18:35:59"
847710916,093003360452,"2017-07-18 00:00:00",R,UPS,GDE,"1Z776042YW00184993    ","2017-07-17 18:36:28"
847710916,093003360452,"2017-07-18 00:00:00",R,UPS,GDE,"1Z776042YW00184993    ","2017-07-17 18:36:28"
852932355,093003362052,"2017-07-18 00:00:00",R,UPS,GDE,"1Z776042YW00185009    ","2017-07-17 19:16:58"
852934834,093003363684,"2017-07-18 00:00:00",A,UPS,GD,"1Z7760420300185016    ","2017-07-17 20:01:58"
852915246,093003377436,"2017-07-18 00:00:00",A,UPS,GD,"1Z7760420300185089    ","2017-07-18 04:18:09"
852955137,093003379973,"2017-07-18 00:00:00",A,UPS,GD,"1Z7760420300185043    ","2017-07-18 08:58:45"
852955137,093003379973,"2017-07-18 00:00:00",A,UPS,GD,"1Z7760420300185043    ","2017-07-18 08:58:45"
852955141,093003380385,"2017-07-18 00:00:00",R,UPS,GDE,"1Z776042YW00185036    ","2017-07-18 09:13:45"
852957882,093003382463,"2017-07-18 00:00:00",R,UPS,GDE,"1Z776042YW00185054    ","2017-07-18 10:11:15"
852962367,093003385360,"2017-07-18 00:00:00",A,UPS,GD,"1Z7760420300185025    ","2017-07-18 11:43:58"
852962644,093003385933,"2017-07-19 00:00:00",R,UPS,GDE,"1Z776042YW00185090    ","2017-07-18 11:52:45"
852964033,093003389592,"2017-07-18 00:00:00",A,UPS,GD,"1Z7760420300185061    ","2017-07-18 13:37:15"
852969602,093003401081,"2017-07-18 00:00:00",R,UPS,GDE,"1Z776042YW00185072    ","2017-07-18 14:05:45"
852974785,093003406002,"2017-07-19 00:00:00",R,UPS,GDE,"1Z776042YW00185107    ","2017-07-18 15:38:15"
852988133,093003416372,"2017-07-19 00:00:00",R,UPS,GDE,"1Z776042YW00185125    ","2017-07-18 19:21:45"
852990418,093003417933,"2017-07-19 00:00:00",A,UPS,GD,"1Z7760420300185114    ","2017-07-18 19:34:58"
852990457,093003417976,"2017-07-19 00:00:00",A,UPS,GD,"1Z7760420300185132    ","2017-07-18 19:54:58"
852992139,093003419056,"2017-07-19 00:00:00",A,UPS,GD,"1Z7760420300185141    ","2017-07-18 20:28:28"
852996296,093003423723,"2017-07-20 00:00:00",A,UPS,GD,"1Z7760420300185150    ","2017-07-18 21:54:45"
853001220,093003427146,"2017-07-20 00:00:00",A,UPS,GD,"1Z7760420300185169    ","2017-07-18 23:15:58"
853002298,093003429932,"2017-07-20 00:00:00",R,UPS,GDE,"1Z776042YW00185189    ","2017-07-19 00:03:17"
853002298,093003429932,"2017-07-20 00:00:00",R,UPS,GDE,"1Z776042YW00185189    ","2017-07-19 00:03:17"
853002298,093003429932,"2017-07-20 00:00:00",R,UPS,GDE,"1Z776042YW00185189    ","2017-07-19 00:03:17"
853002298,093003429932,"2017-07-20 00:00:00",R,UPS,GDE,"1Z776042YW00185189    ","2017-07-19 00:03:17"
853002298,093003429932,"2017-07-20 00:00:00",R,UPS,GDE,"1Z776042YW00185189    ","2017-07-19 00:03:17"
853005087,093003431969,"2017-07-20 00:00:00",R,UPS,GDE,"1Z776042YW00185198    ","2017-07-19 05:36:55"
853006691,093003434304,"2017-07-20 00:00:00",A,UPS,GD,"1Z7760420300185212    ","2017-07-19 05:39:26"
853006691,093003434304,"2017-07-20 00:00:00",A,UPS,GD,"1Z7760420300185212    ","2017-07-19 05:39:26"
853006691,093003434304,"2017-07-20 00:00:00",A,UPS,GD,"1Z7760420300185212    ","2017-07-19 05:39:26"
853006691,093003434304,"2017-07-20 00:00:00",A,UPS,GD,"1Z7760420300185212    ","2017-07-19 05:39:26"
853009353,093003434599,"2017-07-20 00:00:00",R,UPS,GDE,"1Z776042YW00185223    ","2017-07-19 05:42:33"
853009353,093003434599,"2017-07-20 00:00:00",R,UPS,GDE,"1Z776042YW00185223    ","2017-07-19 05:42:33"
853009353,093003434599,"2017-07-20 00:00:00",R,UPS,GDE,"1Z776042YW00185223    ","2017-07-19 05:42:33"
853012805,093003436500,"2017-07-20 00:00:00",R,UPS,GDE,"1Z776042YW00185170    ","2017-07-19 09:12:57"
853012805,093003436500,"2017-07-20 00:00:00",R,UPS,GDE,"1Z776042YW00185170    ","2017-07-19 09:12:57"
852996293,093003440208,"2017-07-20 00:00:00",R,UPS,GDE,"1Z776042YW00185205    ","2017-07-19 11:05:27"
853015171,093003442641,"2017-07-20 00:00:00",A,UPS,GD,"1Z7760420300185230    ","2017-07-19 12:04:27"
853030674,093003450217,"2017-07-20 00:00:00",R,UPS,GDE,"1Z776042YW00185241    ","2017-07-19 15:54:57"
853030674,093003450217,"2017-07-20 00:00:00",R,UPS,GDE,"1Z776042YW00185241    ","2017-07-19 15:54:57"
853051408,093003464179,"2017-07-21 00:00:00",R,UPS,GDE,"1Z776042YW00185287    ","2017-07-19 23:06:27"
853061875,093003491406,"2017-07-21 00:00:00",A,UPS,GD,"1Z7760420300185258    ","2017-07-20 09:41:27"
853063091,093003491653,"2017-07-21 00:00:00",A,UPS,GD,"1Z7760420300185267    ","2017-07-20 10:01:27"
853063091,093003491653,"2017-07-21 00:00:00",A,UPS,GD,"1Z7760420300185267    ","2017-07-20 10:01:27"
853063091,093003491653,"2017-07-21 00:00:00",A,UPS,GD,"1Z7760420300185267    ","2017-07-20 10:01:27"
853063378,093003492330,"2017-07-21 00:00:00",A,UPS,GD,"1Z7760420300185276    ","2017-07-20 10:09:57"
853069655,093003496721,"2017-07-21 00:00:00",A,UPS,GD,"1Z7760420300185294    ","2017-07-20 12:10:28"
853069655,093003496721,"2017-07-21 00:00:00",A,UPS,GD,"1Z7760420300185294    ","2017-07-20 12:10:28"
853069655,093003496721,"2017-07-21 00:00:00",A,UPS,GD,"1Z7760420300185294    ","2017-07-20 12:10:28"
853072714,093003498627,"2017-07-21 00:00:00",A,UPS,GD,"1Z7760420300185301    ","2017-07-20 12:56:27"
853072714,093003498627,"2017-07-21 00:00:00",A,UPS,GD,"1Z7760420300185301    ","2017-07-20 12:56:27"
853072714,093003498627,"2017-07-21 00:00:00",A,UPS,GD,"1Z7760420300185301    ","2017-07-20 12:56:27"
853072714,093003498627,"2017-07-21 00:00:00",A,UPS,GD,"1Z7760420300185301    ","2017-07-20 12:56:27"
853074519,093003499966,"2017-07-21 00:00:00",R,UPS,GDE,"1Z776042YW00185321    ","2017-07-20 14:00:57"
853074519,093003499966,"2017-07-21 00:00:00",R,UPS,GDE,"1Z776042YW00185321    ","2017-07-20 14:00:57"
853074519,093003499966,"2017-07-21 00:00:00",R,UPS,GDE,"1Z776042YW00185321    ","2017-07-20 14:00:57"
853075974,093003531340,"2017-07-21 00:00:00",A,UPS,GD,"1Z7760420300185310    ","2017-07-20 14:18:57"
853075401,093003531569,"2017-07-21 00:00:00",R,UPS,GDE,"1Z776042YW00185330    ","2017-07-20 14:40:26"
851189581,093003531664,"2017-07-21 00:00:00",R,UPS,GDE,"1Z776042YW00185349    ","2017-07-20 14:42:26"
853077937,093003533213,"2017-07-21 00:00:00",R,UPS,GDE,"1Z776042YW00185358    ","2017-07-20 15:12:28"
853077937,093003533213,"2017-07-21 00:00:00",R,UPS,GDE,"1Z776042YW00185358    ","2017-07-20 15:12:28"
853077937,093003533213,"2017-07-21 00:00:00",R,UPS,GDE,"1Z776042YW00185358    ","2017-07-20 15:12:28"
853083371,093003536678,"2017-07-21 00:00:00",A,UPS,GD,"1Z7760420300185392    ","2017-07-20 16:27:27"
853040891,093003457740,"2017-07-21 00:00:00",R,UPS,GDE,"1Z776042YW00185385    ","2017-07-21 11:02:23"
853058183,093003582645,"2017-07-21 00:00:00",A,UPS,GD,"1Z7760420300185374    ","2017-07-21 11:40:57"
853119658,093003583111,"2017-07-22 00:00:00",A,UPS,GD,"1Z7760420300185534    ","2017-07-21 11:54:57"
853118156,093003584164,"2017-07-24 00:00:00",R,UPS,GDE,"1Z776042YW00185590    ","2017-07-21 12:34:58"
853118156,093003584164,"2017-07-24 00:00:00",R,UPS,GDE,"1Z776042YW00185590    ","2017-07-21 12:34:58"
853128565,093003589863,"2017-07-22 00:00:00",A,UPS,GD,"1Z7760420300185463    ","2017-07-21 15:19:27"
853131813,093003592693,"2017-07-22 00:00:00",A,UPS,GD,"1Z7760420300185543    ","2017-07-21 16:38:29"
853131813,093003592693,"2017-07-22 00:00:00",A,UPS,GD,"1Z7760420300185543    ","2017-07-21 16:38:29"
853131813,093003592693,"2017-07-22 00:00:00",A,UPS,GD,"1Z7760420300185543    ","2017-07-21 16:38:29"
853131813,093003592693,"2017-07-22 00:00:00",A,UPS,GD,"1Z7760420300185543    ","2017-07-21 16:38:29"
853131813,093003592693,"2017-07-22 00:00:00",A,UPS,GD,"1Z7760420300185543    ","2017-07-21 16:38:29"
853131813,093003592693,"2017-07-22 00:00:00",A,UPS,GD,"1Z7760420300185543    ","2017-07-21 16:38:29"
853131813,093003592693,"2017-07-22 00:00:00",A,UPS,GD,"1Z7760420300185543    ","2017-07-21 16:38:29"
853137462,093003596660,"2017-07-22 00:00:00",R,UPS,GDE,"1Z776042YW00185401    ","2017-07-21 18:06:41"
853138672,093003597759,"2017-07-22 00:00:00",A,UPS,GD,"1Z7760420300185589    ","2017-07-21 18:48:58"
853138672,093003597759,"2017-07-22 00:00:00",A,UPS,GD,"1Z7760420300185589    ","2017-07-21 18:48:58"
853138672,093003597759,"2017-07-22 00:00:00",A,UPS,GD,"1Z7760420300185589    ","2017-07-21 18:48:58"
853138672,093003597759,"2017-07-22 00:00:00",A,UPS,GD,"1Z7760420300185589    ","2017-07-21 18:48:58"
853138672,093003597759,"2017-07-22 00:00:00",A,UPS,GD,"1Z7760420300185589    ","2017-07-21 18:48:58"
853138672,093003597759,"2017-07-22 00:00:00",A,UPS,GD,"1Z7760420300185589    ","2017-07-21 18:48:58"
853047172,093003598610,"2017-07-22 00:00:00",R,UPS,GDE,"1Z776042YW00185572    ","2017-07-21 19:05:28"
853144262,093000010753,"2017-07-22 00:00:00",A,UPS,GD,"1Z7760420300185552    ","2017-07-21 19:50:25"
853144262,093000010753,"2017-07-22 00:00:00",A,UPS,GD,"1Z7760420300185552    ","2017-07-21 19:50:25"
853143740,093000011158,"2017-07-24 00:00:00",R,UPS,GDE,"1Z776042YW00185607    ","2017-07-21 20:38:57"
853145008,093000011159,"2017-07-22 00:00:00",A,UPS,GD,"1Z7760420300185561    ","2017-07-21 20:39:27"
853145008,093000011159,"2017-07-22 00:00:00",A,UPS,GD,"1Z7760420300185561    ","2017-07-21 20:39:27"
853148906,093000013788,"2017-07-24 00:00:00",A,UPS,GD,"1Z7760420300185614    ","2017-07-21 22:19:27"
853149242,093000016090,"2017-07-22 00:00:00",R,UPS,GDE,"1Z776042YW00185456    ","2017-07-21 23:48:57"
853149242,093000016090,"2017-07-22 00:00:00",R,UPS,GDE,"1Z776042YW00185456    ","2017-07-21 23:48:57"
853155910,093000018726,"2017-07-22 00:00:00",A,UPS,GD,"1Z7760420300185481    ","2017-07-22 01:51:58"
853155172,093000018535,"2017-07-22 00:00:00",R,UPS,GDE,"1Z776042YW00185438    ","2017-07-22 01:57:27"
853156107,093000018971,"2017-07-22 00:00:00",R,UPS,GDE,"1Z776042YW00185447    ","2017-07-22 02:03:27"
853156107,093000018971,"2017-07-22 00:00:00",R,UPS,GDE,"1Z776042YW00185447    ","2017-07-22 02:03:27"
852895556,093000019958,"2017-07-22 00:00:00",A,UPS,GD,"1Z7760420300185490    ","2017-07-22 04:52:56"
853163165,093000023654,"2017-07-22 00:00:00",A,UPS,GD,"1Z7760420300185418    ","2017-07-22 10:33:34"
853148685,093000024280,"2017-07-22 00:00:00",R,UPS,GDE,"1Z776042YW00185429    ","2017-07-22 10:58:27"
853168026,093000027388,"2017-07-22 00:00:00",R,UPS,GDE,"1Z776042YW00185527    ","2017-07-22 12:44:27"
853164128,093000030183,"2017-07-22 00:00:00",R,UPS,GDE,"1Z776042YW00185518    ","2017-07-22 13:42:27"
853173130,093000031099,"2017-07-22 00:00:00",A,UPS,GD,"1Z7760420300185472    ","2017-07-22 14:30:27"
853175196,093000033096,"2017-07-22 00:00:00",R,UPS,GDE,"1Z776042YW00185509    ","2017-07-22 15:18:57"
853175196,093000033096,"2017-07-22 00:00:00",R,UPS,GDE,"1Z776042YW00185509    ","2017-07-22 15:18:57"
853175196,093000033096,"2017-07-22 00:00:00",R,UPS,GDE,"1Z776042YW00185509    ","2017-07-22 15:18:57"
853186817,093000042141,"2017-07-24 00:00:00",R,UPS,GDE,"1Z776042YW00185625    ","2017-07-22 18:31:47"
853186817,093000042141,"2017-07-24 00:00:00",R,UPS,GDE,"1Z776042YW00185625    ","2017-07-22 18:31:47"
853131255,093000043844,"2017-07-24 00:00:00",A,UPS,GD,"1Z7760420300185632    ","2017-07-22 19:48:27"
853131255,093000043844,"2017-07-24 00:00:00",A,UPS,GD,"1Z7760420300185632    ","2017-07-22 19:48:27"
853131255,093000043844,"2017-07-24 00:00:00",A,UPS,GD,"1Z7760420300185632    ","2017-07-22 19:48:27"
853189522,093000044657,"2017-07-24 00:00:00",A,UPS,GD,"1Z7760420300185641    ","2017-07-22 20:22:28"
853189522,093000044657,"2017-07-24 00:00:00",A,UPS,GD,"1Z7760420300185641    ","2017-07-22 20:22:28"
853189522,093000044657,"2017-07-24 00:00:00",A,UPS,GD,"1Z7760420300185641    ","2017-07-22 20:22:28"
853192709,093000046179,"2017-07-24 00:00:00",A,UPS,GD,"1Z7760420300185669    ","2017-07-22 21:10:57"
852401382,093000046174,"2017-07-24 00:00:00",R,UPS,GDE,"1Z776042YW00185670    ","2017-07-22 21:24:56"
852555227,093000047567,"2017-07-24 00:00:00",A,UPS,GD,"1Z7760420300185721    ","2017-07-22 21:53:57"
852555227,093000047567,"2017-07-24 00:00:00",A,UPS,GD,"1Z7760420300185721    ","2017-07-22 21:53:57"
853187667,093000062344,"2017-07-24 00:00:00",R,UPS,GDE,"1Z776042YW00185698    ","2017-07-23 01:18:59"
853202295,093000064317,"2017-07-24 00:00:00",R,UPS,GDE,"1Z776042YW00185689    ","2017-07-23 04:38:56"
853202857,093000063876,"2017-07-24 00:00:00",R,UPS,GDE,"1Z776042YW00185714    ","2017-07-23 05:30:57"
853202857,093000063876,"2017-07-24 00:00:00",R,UPS,GDE,"1Z776042YW00185714    ","2017-07-23 05:30:57"
853206305,093000066216,"2017-07-24 00:00:00",A,UPS,GD,"1Z7760420300185650    ","2017-07-23 09:45:26"
853207308,093000066632,"2017-07-24 00:00:00",R,UPS,GDE,"1Z776042YW00185705    ","2017-07-23 10:25:57"
853207308,093000066632,"2017-07-24 00:00:00",R,UPS,GDE,"1Z776042YW00185705    ","2017-07-23 10:25:57"
853213661,093000071167,"2017-07-24 00:00:00",A,UPS,GD,"1Z7760420300185730    ","2017-07-23 12:46:56"
853213661,093000071167,"2017-07-24 00:00:00",A,UPS,GD,"1Z7760420300185730    ","2017-07-23 12:46:56"
851312443,093000074626,"2017-07-24 00:00:00",A,UPS,GD,"1Z7760420300185749    ","2017-07-23 14:39:28"
851312443,093000074626,"2017-07-24 00:00:00",A,UPS,GD,"1Z7760420300185749    ","2017-07-23 14:39:28"
851312443,093000074626,"2017-07-24 00:00:00",A,UPS,GD,"1Z7760420300185749    ","2017-07-23 14:39:28"
853219912,093000075480,"2017-07-24 00:00:00",R,UPS,GDE,"1Z776042YW00185750    ","2017-07-23 15:00:39"
853219937,093000075796,"2017-07-24 00:00:00",R,UPS,GDE,"1Z776042YW00185769    ","2017-07-23 15:06:57"
853219937,093000075796,"2017-07-24 00:00:00",R,UPS,GDE,"1Z776042YW00185769    ","2017-07-23 15:06:57"
853219937,093000075796,"2017-07-24 00:00:00",R,UPS,GDE,"1Z776042YW00185769    ","2017-07-23 15:06:57"
853144521,093000093585,"2017-07-25 00:00:00",R,UPS,GDE,"1Z776042YW00185894    ","2017-07-23 23:01:28"
853243938,093000094019,"2017-07-25 00:00:00",A,UPS,GD,"1Z7760420300185883    ","2017-07-23 23:04:26"
853244341,093000094570,"2017-07-24 00:00:00",R,UPS,GDE,"1Z776042YW00185876    ","2017-07-23 23:21:57"
853255255,093000101802,"2017-07-24 00:00:00",R,UPS,GDE,"1Z776042YW00185803    ","2017-07-24 10:01:58"
853255255,093000101802,"2017-07-24 00:00:00",R,UPS,GDE,"1Z776042YW00185803    ","2017-07-24 10:01:58"
853255255,093000101802,"2017-07-24 00:00:00",R,UPS,GDE,"1Z776042YW00185803    ","2017-07-24 10:01:58"
853255255,093000101802,"2017-07-24 00:00:00",R,UPS,GDE,"1Z776042YW00185803    ","2017-07-24 10:01:58"
853255255,093000101802,"2017-07-24 00:00:00",R,UPS,GDE,"1Z776042YW00185803    ","2017-07-24 10:01:58"
853255255,093000101802,"2017-07-24 00:00:00",R,UPS,GDE,"1Z776042YW00185803    ","2017-07-24 10:01:58"
853255906,093000101838,"2017-07-24 00:00:00",R,UPS,GDE,"1Z776042YW00185796    ","2017-07-24 10:15:57"
853255906,093000101838,"2017-07-24 00:00:00",R,UPS,GDE,"1Z776042YW00185796    ","2017-07-24 10:15:57"
853237866,093000103961,"2017-07-25 00:00:00",A,UPS,GD,"1Z7760420300185909    ","2017-07-24 11:00:32"
853230316,093000103969,"2017-07-24 00:00:00",R,UPS,GDE,"1Z776042YW00185849    ","2017-07-24 11:01:58"
853259551,093000105640,"2017-07-24 00:00:00",R,UPS,GDE,"1Z776042YW00185867    ","2017-07-24 11:45:28"
853260655,093000105854,"2017-07-24 00:00:00",R,UPS,GDE,"1Z776042YW00185830    ","2017-07-24 12:01:29"
853262570,093000107431,"2017-07-24 00:00:00",A,UPS,GD,"1Z7760420300185829    ","2017-07-24 12:31:27"
853264014,093000108345,"2017-07-25 00:00:00",R,UPS,GDE,"1Z776042YW00185910    ","2017-07-24 12:51:58"
853264014,093000108345,"2017-07-25 00:00:00",R,UPS,GDE,"1Z776042YW00185910    ","2017-07-24 12:51:58"
853265966,093000140031,"2017-07-24 00:00:00",R,UPS,GDE,"1Z776042YW00185812    ","2017-07-24 14:10:26"
846861867,093000145465,"2017-07-24 00:00:00",R,UPS,GDE,"1Z776042YW00185858    ","2017-07-24 16:09:29"
846861867,093000145465,"2017-07-24 00:00:00",R,UPS,GDE,"1Z776042YW00185858    ","2017-07-24 16:09:29"
846861867,093000145465,"2017-07-24 00:00:00",R,UPS,GDE,"1Z776042YW00185858    ","2017-07-24 16:09:29"
853275656,093000147230,"2017-07-25 00:00:00",R,UPS,GDE,"1Z776042YW00185929    ","2017-07-24 16:46:26"
853278182,093000149311,"2017-07-25 00:00:00",A,UPS,GD,"1Z7760420300185936    ","2017-07-24 17:14:14"
853278182,093000149311,"2017-07-25 00:00:00",A,UPS,GD,"1Z7760420300185936    ","2017-07-24 17:14:14"
853280400,093000151001,"2017-07-25 00:00:00",A,UPS,GD,"1Z7760420300185945    ","2017-07-24 18:18:28"
853280400,093000151001,"2017-07-25 00:00:00",A,UPS,GD,"1Z7760420300185945    ","2017-07-24 18:18:28"
853280400,093000151001,"2017-07-25 00:00:00",A,UPS,GD,"1Z7760420300185945    ","2017-07-24 18:18:28"
853283257,093000152908,"2017-07-25 00:00:00",A,UPS,GD,"1Z7760420300185954    ","2017-07-24 18:46:57"
853283257,093000152908,"2017-07-25 00:00:00",A,UPS,GD,"1Z7760420300185954    ","2017-07-24 18:46:57"
845664257,093000154816,"2017-07-25 00:00:00",A,UPS,GD,"1Z7760420300185963    ","2017-07-24 20:01:58"
845664257,093000154816,"2017-07-25 00:00:00",A,UPS,GD,"1Z7760420300185963    ","2017-07-24 20:01:58"
845664257,093000154816,"2017-07-25 00:00:00",A,UPS,GD,"1Z7760420300185963    ","2017-07-24 20:01:58"
845664257,093000154816,"2017-07-25 00:00:00",A,UPS,GD,"1Z7760420300185963    ","2017-07-24 20:01:58"
845664257,093000154816,"2017-07-25 00:00:00",A,UPS,GD,"1Z7760420300185963    ","2017-07-24 20:01:58"
845664257,093000154816,"2017-07-25 00:00:00",A,UPS,GD,"1Z7760420300185963    ","2017-07-24 20:01:58"
853285192,093000154823,"2017-07-25 00:00:00",R,UPS,GDE,"1Z776042YW00185974    ","2017-07-24 20:02:57"
853269541,093000155323,"2017-07-25 00:00:00",R,UPS,GDE,"1Z776042YW00185983    ","2017-07-24 20:26:57"
853269541,093000155323,"2017-07-25 00:00:00",R,UPS,GDE,"1Z776042YW00185983    ","2017-07-24 20:26:57"
853290901,093000158825,"2017-07-25 00:00:00",A,UPS,GD,"1Z7760420300186024    ","2017-07-24 22:09:57"
853290901,093000158825,"2017-07-25 00:00:00",A,UPS,GD,"1Z7760420300186024    ","2017-07-24 22:09:57"
853290901,093000158825,"2017-07-25 00:00:00",A,UPS,GD,"1Z7760420300186024    ","2017-07-24 22:09:57"
853294842,093000161411,"2017-07-26 00:00:00",R,UPS,GDE,"1Z776042YW00186044    ","2017-07-24 23:25:27"
853294842,093000161411,"2017-07-26 00:00:00",R,UPS,GDE,"1Z776042YW00186044    ","2017-07-24 23:25:27"
853299803,093000164519,"2017-07-25 00:00:00",A,UPS,GD,"1Z7760420300185990    ","2017-07-25 04:59:58"
853299089,093000164277,"2017-07-25 00:00:00",A,UPS,GD,"1Z7760420300186006    ","2017-07-25 05:00:04"
853303527,093000166738,"2017-07-25 00:00:00",A,UPS,GD,"1Z7760420300186015    ","2017-07-25 08:52:27"
853303527,093000166738,"2017-07-25 00:00:00",A,UPS,GD,"1Z7760420300186015    ","2017-07-25 08:52:27"
853303527,093000166738,"2017-07-25 00:00:00",A,UPS,GD,"1Z7760420300186015    ","2017-07-25 08:52:27"
853303527,093000166738,"2017-07-25 00:00:00",A,UPS,GD,"1Z7760420300186015    ","2017-07-25 08:52:27"
853303527,093000166738,"2017-07-25 00:00:00",A,UPS,GD,"1Z7760420300186015    ","2017-07-25 08:52:27"
852961643,093000167368,"2017-07-26 00:00:00",R,UPS,GDE,"1Z776042YW00186062    ","2017-07-25 09:56:27"
852961643,093000167368,"2017-07-26 00:00:00",R,UPS,GDE,"1Z776042YW00186062    ","2017-07-25 09:56:27"
853305916,093000168092,"2017-07-26 00:00:00",A,UPS,GD,"1Z7760420300186051    ","2017-07-25 10:12:57"
853305916,093000168092,"2017-07-26 00:00:00",A,UPS,GD,"1Z7760420300186051    ","2017-07-25 10:12:57"
853306310,093000168432,"2017-07-26 00:00:00",R,UPS,GDE,"1Z776042YW00186035    ","2017-07-25 10:22:57"
853306310,093000168432,"2017-07-26 00:00:00",R,UPS,GDE,"1Z776042YW00186035    ","2017-07-25 10:22:57"
853154404,093000171233,"2017-07-26 00:00:00",A,UPS,GD,"1Z7760420300186088    ","2017-07-25 11:50:27"
853310023,093000171439,"2017-07-26 00:00:00",A,UPS,GD,"1Z7760420300186079    ","2017-07-25 11:52:27"
853313365,093000174035,"2017-07-26 00:00:00",R,UPS,GDE,"1Z776042YW00186099    ","2017-07-25 13:32:27"
853318409,093000178116,"2017-07-26 00:00:00",A,UPS,GD,"1Z7760420300186104    ","2017-07-25 15:03:57"
853318409,093000178116,"2017-07-26 00:00:00",A,UPS,GD,"1Z7760420300186104    ","2017-07-25 15:03:57"
853318409,093000178116,"2017-07-26 00:00:00",A,UPS,GD,"1Z7760420300186104    ","2017-07-25 15:03:57"
853318409,093000178116,"2017-07-26 00:00:00",A,UPS,GD,"1Z7760420300186104    ","2017-07-25 15:03:57"
853318409,093000178116,"2017-07-26 00:00:00",A,UPS,GD,"1Z7760420300186104    ","2017-07-25 15:03:57"
853319221,093000178357,"2017-07-26 00:00:00",R,UPS,GDE,"1Z776042YW00186115    ","2017-07-25 15:12:27"
853319221,093000178357,"2017-07-26 00:00:00",R,UPS,GDE,"1Z776042YW00186115    ","2017-07-25 15:12:27"
853324035,093000181298,"2017-07-26 00:00:00",R,UPS,GDE,"1Z776042YW00186124    ","2017-07-25 16:44:57"
853324662,093000182825,"2017-07-26 00:00:00",R,UPS,GDE,"1Z776042YW00186133    ","2017-07-25 17:10:28"
853324662,093000182825,"2017-07-26 00:00:00",R,UPS,GDE,"1Z776042YW00186133    ","2017-07-25 17:10:28"
853324662,093000182825,"2017-07-26 00:00:00",R,UPS,GDE,"1Z776042YW00186133    ","2017-07-25 17:10:28"
844232608,093000183133,"2017-07-26 00:00:00",A,UPS,GD,"1Z7760420300186140    ","2017-07-25 17:17:27"
853332277,093000188761,"2017-07-26 00:00:00",R,UPS,GDE,"1Z776042YW00186151    ","2017-07-25 20:06:27"
853332277,093000188761,"2017-07-26 00:00:00",R,UPS,GDE,"1Z776042YW00186151    ","2017-07-25 20:06:27"
853336729,093000201267,"2017-07-26 00:00:00",R,UPS,GDE,"1Z776042YW00186160    ","2017-07-25 20:57:40"
853337895,093000201972,"2017-07-27 00:00:00",A,UPS,GD,"1Z7760420300186266    ","2017-07-25 21:55:27"
853338504,093000203133,"2017-07-27 00:00:00",R,UPS,GDE,"1Z776042YW00186231    ","2017-07-25 22:10:57"
853338504,093000203133,"2017-07-27 00:00:00",R,UPS,GDE,"1Z776042YW00186231    ","2017-07-25 22:10:57"
853338549,093000203137,"2017-07-27 00:00:00",R,UPS,GDE,"1Z776042YW00186240    ","2017-07-25 22:11:27"
853338549,093000203137,"2017-07-27 00:00:00",R,UPS,GDE,"1Z776042YW00186240    ","2017-07-25 22:11:27"
853352052,093000222723,"2017-07-27 00:00:00",A,UPS,GD,"1Z7760420300186220    ","2017-07-26 09:51:28"
853352052,093000222723,"2017-07-27 00:00:00",A,UPS,GD,"1Z7760420300186220    ","2017-07-26 09:51:28"
853352052,093000222723,"2017-07-27 00:00:00",A,UPS,GD,"1Z7760420300186220    ","2017-07-26 09:51:28"
853352052,093000222723,"2017-07-27 00:00:00",A,UPS,GD,"1Z7760420300186220    ","2017-07-26 09:51:28"
853352052,093000222723,"2017-07-27 00:00:00",A,UPS,GD,"1Z7760420300186220    ","2017-07-26 09:51:28"
853355616,093000224574,"2017-07-27 00:00:00",R,UPS,GDE,"1Z776042YW00186259    ","2017-07-26 10:57:27"
853328303,093000226332,"2017-07-27 00:00:00",A,UPS,GD,"1Z7760420300186275    ","2017-07-26 11:29:27"
853328303,093000226332,"2017-07-27 00:00:00",A,UPS,GD,"1Z7760420300186275    ","2017-07-26 11:29:27"
853104954,093000230562,"2017-07-27 00:00:00",R,UPS,GDE,"1Z776042YW00186286    ","2017-07-26 13:52:57"
853104954,093000230562,"2017-07-27 00:00:00",R,UPS,GDE,"1Z776042YW00186286    ","2017-07-26 13:52:57"
853245153,093000237143,"2017-07-27 00:00:00",R,UPS,GDE,"1Z776042YW00186295    ","2017-07-26 16:17:57"
853325226,093000238379,"2017-07-27 00:00:00",R,UPS,GDE,"1Z776042YW00186311    ","2017-07-26 16:53:57"
853325226,093000238379,"2017-07-27 00:00:00",R,UPS,GDE,"1Z776042YW00186311    ","2017-07-26 16:53:57"
851518504,093000238591,"2017-07-27 00:00:00",A,UPS,GD,"1Z7760420300186300    ","2017-07-26 17:09:28"
850093459,093000244305,"2017-07-27 00:00:00",A,UPS,GD,"1Z7760420300186328    ","2017-07-26 19:26:02"
850093459,093000244305,"2017-07-27 00:00:00",A,UPS,GD,"1Z7760420300186328    ","2017-07-26 19:26:02"
850093459,093000244305,"2017-07-27 00:00:00",A,UPS,GD,"1Z7760420300186328    ","2017-07-26 19:26:02"
853381318,093000244900,"2017-07-27 00:00:00",A,UPS,GD,"1Z7760420300186337    ","2017-07-26 19:59:27"
853388450,093000251767,"2017-07-28 00:00:00",R,UPS,GDE,"1Z776042YW00186375    ","2017-07-26 23:10:57"
853388450,093000251767,"2017-07-28 00:00:00",R,UPS,GDE,"1Z776042YW00186375    ","2017-07-26 23:10:57"
853388450,093000251767,"2017-07-28 00:00:00",R,UPS,GDE,"1Z776042YW00186375    ","2017-07-26 23:10:57"
853388450,093000251767,"2017-07-28 00:00:00",R,UPS,GDE,"1Z776042YW00186375    ","2017-07-26 23:10:57"
853390349,093000252680,"2017-07-28 00:00:00",R,UPS,GDE,"1Z776042YW00186348    ","2017-07-26 23:33:26"
853390349,093000252680,"2017-07-28 00:00:00",R,UPS,GDE,"1Z776042YW00186348    ","2017-07-26 23:33:26"
853391788,093000254003,"2017-07-28 00:00:00",R,UPS,GDE,"1Z776042YW00186393    ","2017-07-26 23:43:26"
853391416,093000253267,"2017-07-28 00:00:00",A,UPS,GD,"1Z7760420300186364    ","2017-07-26 23:58:27"
853400437,093000258887,"2017-07-28 00:00:00",A,UPS,GD,"1Z7760420300186355    ","2017-07-27 09:26:58"
851518754,093000261703,"2017-07-28 00:00:00",R,UPS,GDE,"1Z776042YW00186384    ","2017-07-27 10:35:28"
853405948,093000263202,"2017-07-28 00:00:00",A,UPS,GD,"1Z7760420300186408    ","2017-07-27 11:25:27"
853405948,093000263202,"2017-07-28 00:00:00",A,UPS,GD,"1Z7760420300186408    ","2017-07-27 11:25:27"
853405948,093000263202,"2017-07-28 00:00:00",A,UPS,GD,"1Z7760420300186408    ","2017-07-27 11:25:27"
853405948,093000263202,"2017-07-28 00:00:00",A,UPS,GD,"1Z7760420300186408    ","2017-07-27 11:25:27"
853405948,093000263202,"2017-07-28 00:00:00",A,UPS,GD,"1Z7760420300186408    ","2017-07-27 11:25:27"
853299990,093000264138,"2017-07-28 00:00:00",R,UPS,GDE,"1Z776042YW00186428    ","2017-07-27 11:49:28"
853407539,093000264327,"2017-07-28 00:00:00",R,UPS,GDE,"1Z776042YW00186419    ","2017-07-27 11:56:28"
853409018,093000265275,"2017-07-28 00:00:00",R,UPS,GDE,"1Z776042YW00186437    ","2017-07-27 12:17:26"
853407521,093000264776,"2017-07-28 00:00:00",R,UPS,GDE,"1Z776042YW00186446    ","2017-07-27 12:20:29"
853407521,093000264776,"2017-07-28 00:00:00",R,UPS,GDE,"1Z776042YW00186446    ","2017-07-27 12:20:29"
853407521,093000264776,"2017-07-28 00:00:00",R,UPS,GDE,"1Z776042YW00186446    ","2017-07-27 12:20:29"
853407521,093000264776,"2017-07-28 00:00:00",R,UPS,GDE,"1Z776042YW00186446    ","2017-07-27 12:20:29"
853410651,093000267524,"2017-07-28 00:00:00",R,UPS,GDE,"1Z776042YW00186455    ","2017-07-27 13:40:28"
853410651,093000267524,"2017-07-28 00:00:00",R,UPS,GDE,"1Z776042YW00186455    ","2017-07-27 13:40:28"
851787126,093000282311,"2017-07-28 00:00:00",R,UPS,GDE,"1Z776042YW00186464    ","2017-07-27 15:11:56"
851787126,093000282311,"2017-07-28 00:00:00",R,UPS,GDE,"1Z776042YW00186464    ","2017-07-27 15:11:56"
853423641,093000287284,"2017-07-28 00:00:00",A,UPS,GD,"1Z7760420300186471    ","2017-07-27 17:21:28"
853416319,093000287867,"2017-07-28 00:00:00",R,UPS,GDE,"1Z776042YW00186526    ","2017-07-27 17:29:55"
853426896,093000289498,"2017-07-28 00:00:00",A,UPS,GD,"1Z7760420300186480    ","2017-07-27 18:20:28"
853434010,093000295528,"2017-07-28 00:00:00",A,UPS,GD,"1Z7760420300186506    ","2017-07-27 20:54:58"
853434010,093000295528,"2017-07-28 00:00:00",A,UPS,GD,"1Z7760420300186506    ","2017-07-27 20:54:58"
853434010,093000295528,"2017-07-28 00:00:00",A,UPS,GD,"1Z7760420300186506    ","2017-07-27 20:54:58"
853454045,093000309474,"2017-07-28 00:00:00",R,UPS,GDE,"1Z776042YW00186517    ","2017-07-28 10:15:54"
853454045,093000309474,"2017-07-28 00:00:00",R,UPS,GDE,"1Z776042YW00186517    ","2017-07-28 10:15:54"
853462211,093000316507,"2017-07-29 00:00:00",R,UPS,GDE,"1Z776042YW00186580    ","2017-07-28 13:44:55"
853462211,093000316507,"2017-07-29 00:00:00",R,UPS,GDE,"1Z776042YW00186580    ","2017-07-28 13:44:55"
853462211,093000316507,"2017-07-29 00:00:00",R,UPS,GDE,"1Z776042YW00186580    ","2017-07-28 13:44:55"
853462211,093000316507,"2017-07-29 00:00:00",R,UPS,GDE,"1Z776042YW00186580    ","2017-07-28 13:44:55"
853464274,093000318873,"2017-07-29 00:00:00",A,UPS,GD,"1Z7760420300186579    ","2017-07-28 15:06:28"
853464274,093000318873,"2017-07-29 00:00:00",A,UPS,GD,"1Z7760420300186579    ","2017-07-28 15:06:28"
853464274,093000318873,"2017-07-29 00:00:00",A,UPS,GD,"1Z7760420300186579    ","2017-07-28 15:06:28"
853464274,093000318873,"2017-07-29 00:00:00",A,UPS,GD,"1Z7760420300186579    ","2017-07-28 15:06:28"
853464274,093000318873,"2017-07-29 00:00:00",A,UPS,GD,"1Z7760420300186579    ","2017-07-28 15:06:28"
853464274,093000318873,"2017-07-29 00:00:00",A,UPS,GD,"1Z7760420300186579    ","2017-07-28 15:06:28"
843687672,093000353125,"2017-07-29 00:00:00",A,UPS,GD,"1Z7760420300186631    ","2017-07-28 16:28:26"
843687672,093000353125,"2017-07-29 00:00:00",A,UPS,GD,"1Z7760420300186631    ","2017-07-28 16:28:26"
843687672,093000353125,"2017-07-29 00:00:00",A,UPS,GD,"1Z7760420300186631    ","2017-07-28 16:28:26"
843687672,093000353125,"2017-07-29 00:00:00",A,UPS,GD,"1Z7760420300186631    ","2017-07-28 16:28:26"
843687672,093000353125,"2017-07-29 00:00:00",A,UPS,GD,"1Z7760420300186631    ","2017-07-28 16:28:26"
853473147,093000354037,"2017-07-28 00:00:00",A,UPS,GD,"1Z7760420300186533    ","2017-07-28 16:52:58"
853471144,093000355684,"2017-07-29 00:00:00",R,UPS,GDE,"1Z776042YW00186624    ","2017-07-28 17:09:58"
852190295,093000357986,"2017-07-29 00:00:00",R,UPS,GDE,"1Z776042YW00186599    ","2017-07-28 18:34:25"
853478500,093000360782,"2017-07-29 00:00:00",R,UPS,GDE,"1Z776042YW00186606    ","2017-07-28 19:59:58"
853478500,093000360782,"2017-07-29 00:00:00",R,UPS,GDE,"1Z776042YW00186606    ","2017-07-28 19:59:58"
853482325,093000361567,"2017-07-31 00:00:00",A,UPS,GD,"1Z7760420300186659    ","2017-07-28 20:19:28"
853481777,093000362102,"2017-07-31 00:00:00",A,UPS,GD,"1Z7760420300186640    ","2017-07-28 20:25:58"
853484837,093000364620,"2017-07-31 00:00:00",R,UPS,GDE,"1Z776042YW00186660    ","2017-07-28 21:52:58"
853484837,093000364620,"2017-07-31 00:00:00",R,UPS,GDE,"1Z776042YW00186660    ","2017-07-28 21:52:58"
853488991,093000367602,"2017-07-29 00:00:00",A,UPS,GD,"1Z7760420300186560    ","2017-07-28 23:35:28"
853488991,093000367602,"2017-07-29 00:00:00",A,UPS,GD,"1Z7760420300186560    ","2017-07-28 23:35:28"
853488991,093000367602,"2017-07-29 00:00:00",A,UPS,GD,"1Z7760420300186560    ","2017-07-28 23:35:28"
853488991,093000367602,"2017-07-29 00:00:00",A,UPS,GD,"1Z7760420300186560    ","2017-07-28 23:35:28"
853267650,093000379012,"2017-07-29 00:00:00",A,UPS,GD,"1Z7760420300186551    ","2017-07-29 12:26:55"
853267650,093000379012,"2017-07-29 00:00:00",A,UPS,GD,"1Z7760420300186551    ","2017-07-29 12:26:55"
853267650,093000379012,"2017-07-29 00:00:00",A,UPS,GD,"1Z7760420300186551    ","2017-07-29 12:26:55"
853505576,093000379007,"2017-07-29 00:00:00",R,UPS,GDE,"1Z776042YW00186544    ","2017-07-29 12:30:24"
853512171,093000384702,"2017-07-29 00:00:00",A,UPS,GD,"1Z7760420300186613    ","2017-07-29 14:57:56"
853512171,093000384702,"2017-07-29 00:00:00",A,UPS,GD,"1Z7760420300186613    ","2017-07-29 14:57:56"
853512171,093000384702,"2017-07-29 00:00:00",A,UPS,GD,"1Z7760420300186613    ","2017-07-29 14:57:56"
853512171,093000384702,"2017-07-29 00:00:00",A,UPS,GD,"1Z7760420300186613    ","2017-07-29 14:57:56"
853512171,093000384702,"2017-07-29 00:00:00",A,UPS,GD,"1Z7760420300186613    ","2017-07-29 14:57:56"
853513259,093000385337,"2017-07-31 00:00:00",A,UPS,GD,"1Z7760420300186677    ","2017-07-29 15:19:55"
853513259,093000385337,"2017-07-31 00:00:00",A,UPS,GD,"1Z7760420300186677    ","2017-07-29 15:19:55"
853513259,093000385337,"2017-07-31 00:00:00",A,UPS,GD,"1Z7760420300186677    ","2017-07-29 15:19:55"
853516144,093000387824,"2017-07-31 00:00:00",R,UPS,GDE,"1Z776042YW00186688    ","2017-07-29 16:09:56"
853516144,093000387824,"2017-07-31 00:00:00",R,UPS,GDE,"1Z776042YW00186688    ","2017-07-29 16:09:56"
853518656,093000389570,"2017-07-31 00:00:00",R,UPS,GDE,"1Z776042YW00186697    ","2017-07-29 16:29:42"
853523123,093000403354,"2017-07-31 00:00:00",A,UPS,GD,"1Z7760420300186702    ","2017-07-29 18:30:58"
852397386,093000405329,"2017-07-31 00:00:00",A,UPS,GD,"1Z7760420300186711    ","2017-07-29 19:15:55"
852397386,093000405329,"2017-07-31 00:00:00",A,UPS,GD,"1Z7760420300186711    ","2017-07-29 19:15:55"
852397386,093000405329,"2017-07-31 00:00:00",A,UPS,GD,"1Z7760420300186711    ","2017-07-29 19:15:55"
852397386,093000405329,"2017-07-31 00:00:00",A,UPS,GD,"1Z7760420300186711    ","2017-07-29 19:15:55"
853523646,093000407233,"2017-07-31 00:00:00",R,UPS,GDE,"1Z776042YW00186722    ","2017-07-29 20:09:58"
853530089,093000409211,"2017-07-31 00:00:00",R,UPS,GDE,"1Z776042YW00186759    ","2017-07-29 21:02:55"
853530089,093000409211,"2017-07-31 00:00:00",R,UPS,GDE,"1Z776042YW00186759    ","2017-07-29 21:02:55"
853530678,093000409463,"2017-07-31 00:00:00",R,UPS,GDE,"1Z776042YW00186795    ","2017-07-29 21:20:55"
853530678,093000409463,"2017-07-31 00:00:00",R,UPS,GDE,"1Z776042YW00186795    ","2017-07-29 21:20:55"
853527443,093000410900,"2017-07-31 00:00:00",R,UPS,GDE,"1Z776042YW00186777    ","2017-07-29 22:12:25"
853527443,093000410900,"2017-07-31 00:00:00",R,UPS,GDE,"1Z776042YW00186777    ","2017-07-29 22:12:25"
853537778,093000414974,"2017-07-31 00:00:00",R,UPS,GDE,"1Z776042YW00186768    ","2017-07-30 00:37:28"
853537778,093000414974,"2017-07-31 00:00:00",R,UPS,GDE,"1Z776042YW00186768    ","2017-07-30 00:37:28"
853540077,093000416859,"2017-07-31 00:00:00",A,UPS,GD,"1Z7760420300186739    ","2017-07-30 02:24:54"
853182623,093000420971,"2017-07-31 00:00:00",A,UPS,GD,"1Z7760420300186748    ","2017-07-30 10:46:25"
853182623,093000420971,"2017-07-31 00:00:00",A,UPS,GD,"1Z7760420300186748    ","2017-07-30 10:46:25"
853182623,093000420971,"2017-07-31 00:00:00",A,UPS,GD,"1Z7760420300186748    ","2017-07-30 10:46:25"
853182623,093000420971,"2017-07-31 00:00:00",A,UPS,GD,"1Z7760420300186748    ","2017-07-30 10:46:25"
853549464,093000422895,"2017-07-31 00:00:00",A,UPS,GD,"1Z7760420300186784    ","2017-07-30 12:05:58"
853553020,093000425537,"2017-07-31 00:00:00",R,UPS,GDE,"1Z776042YW00186802    ","2017-07-30 13:10:25"
853554796,093000427460,"2017-07-31 00:00:00",A,UPS,GD,"1Z7760420300186819    ","2017-07-30 14:01:29"
853554796,093000427460,"2017-07-31 00:00:00",A,UPS,GD,"1Z7760420300186819    ","2017-07-30 14:01:29"
853554796,093000427460,"2017-07-31 00:00:00",A,UPS,GD,"1Z7760420300186819    ","2017-07-30 14:01:29"
853554796,093000427460,"2017-07-31 00:00:00",A,UPS,GD,"1Z7760420300186819    ","2017-07-30 14:01:29"
853554796,093000427460,"2017-07-31 00:00:00",A,UPS,GD,"1Z7760420300186819    ","2017-07-30 14:01:29"
853554796,093000427460,"2017-07-31 00:00:00",A,UPS,GD,"1Z7760420300186819    ","2017-07-30 14:01:29"
853556042,093000428100,"2017-07-31 00:00:00",R,UPS,GDE,"1Z776042YW00186820    ","2017-07-30 14:45:58"
853558457,093000430703,"2017-07-31 00:00:00",R,UPS,GDE,"1Z776042YW00186839    ","2017-07-30 15:34:55"
853565660,093000435185,"2017-07-31 00:00:00",A,UPS,GD,"1Z7760420300186846    ","2017-07-30 17:26:25"
853564910,093000434366,"2017-07-31 00:00:00",R,UPS,GDE,"1Z776042YW00186857    ","2017-07-30 17:56:23"
853594443,093000456834,"2017-08-01 00:00:00",R,UPS,GDE,"1Z776042YW00186875    ","2017-07-31 10:40:26"
853594443,093000456834,"2017-08-01 00:00:00",R,UPS,GDE,"1Z776042YW00186875    ","2017-07-31 10:40:26"
853594443,093000456834,"2017-08-01 00:00:00",R,UPS,GDE,"1Z776042YW00186875    ","2017-07-31 10:40:26"
853594443,093000456834,"2017-08-01 00:00:00",R,UPS,GDE,"1Z776042YW00186875    ","2017-07-31 10:40:26"
853570052,093000458121,"2017-08-01 00:00:00",R,UPS,GDE,"1Z776042YW00186884    ","2017-07-31 11:19:58"
853597883,093000460309,"2017-08-01 00:00:00",A,UPS,GD,"1Z7760420300186891    ","2017-07-31 12:17:24"
853598146,093000460513,"2017-08-01 00:00:00",R,UPS,GDE,"1Z776042YW00186900    ","2017-07-31 12:24:55"
853595406,093000460645,"2017-08-01 00:00:00",R,UPS,GDE,"1Z776042YW00186919    ","2017-07-31 12:32:29"
853595406,093000460645,"2017-08-01 00:00:00",R,UPS,GDE,"1Z776042YW00186919    ","2017-07-31 12:32:29"
853602418,093000463563,"2017-08-01 00:00:00",R,UPS,GDE,"1Z776042YW00186928    ","2017-07-31 14:00:24"
853605987,093000466363,"2017-08-01 00:00:00",A,UPS,GD,"1Z7760420300186935    ","2017-07-31 15:12:25"
853605987,093000466363,"2017-08-01 00:00:00",A,UPS,GD,"1Z7760420300186935    ","2017-07-31 15:12:25"
853605987,093000466363,"2017-08-01 00:00:00",A,UPS,GD,"1Z7760420300186935    ","2017-07-31 15:12:25"
853088892,093000491797,"2017-08-01 00:00:00",A,UPS,GD,"1Z7760420300186944    ","2017-07-31 17:11:26"
853088892,093000491797,"2017-08-01 00:00:00",A,UPS,GD,"1Z7760420300186944    ","2017-07-31 17:11:26"
853088892,093000491797,"2017-08-01 00:00:00",A,UPS,GD,"1Z7760420300186944    ","2017-07-31 17:11:26"
853088892,093000491797,"2017-08-01 00:00:00",A,UPS,GD,"1Z7760420300186944    ","2017-07-31 17:11:26"
853088892,093000491797,"2017-08-01 00:00:00",A,UPS,GD,"1Z7760420300186944    ","2017-07-31 17:11:26"
853616172,093000494581,"2017-08-01 00:00:00",R,UPS,GDE,"1Z776042YW00186955    ","2017-07-31 18:17:55"
853616172,093000494581,"2017-08-01 00:00:00",R,UPS,GDE,"1Z776042YW00186955    ","2017-07-31 18:17:55"
853620486,093000499416,"2017-08-01 00:00:00",A,UPS,GD,"1Z7760420300186962    ","2017-07-31 20:15:28"
853625223,093000532344,"2017-08-02 00:00:00",A,UPS,GD,"1Z7760420300187032    ","2017-07-31 21:34:28"
853625223,093000532344,"2017-08-02 00:00:00",A,UPS,GD,"1Z7760420300187032    ","2017-07-31 21:34:28"
853625223,093000532344,"2017-08-02 00:00:00",A,UPS,GD,"1Z7760420300187032    ","2017-07-31 21:34:28"
853626125,093000533625,"2017-08-02 00:00:00",A,UPS,GD,"1Z7760420300186971    ","2017-07-31 22:06:55"
853626824,093000534407,"2017-08-02 00:00:00",A,UPS,GD,"1Z7760420300187014    ","2017-07-31 22:23:25"
853626824,093000534407,"2017-08-02 00:00:00",A,UPS,GD,"1Z7760420300187014    ","2017-07-31 22:23:25"
853626779,093000533954,"2017-08-02 00:00:00",R,UPS,GDE,"1Z776042YW00187007    ","2017-07-31 22:24:28"
853631082,093000537369,"2017-08-02 00:00:00",A,UPS,GD,"1Z7760420300186980    ","2017-07-31 23:57:54"
853646612,093000549605,"2017-08-02 00:00:00",R,UPS,GDE,"1Z776042YW00187025    ","2017-08-01 10:15:48"
853646612,093000549605,"2017-08-02 00:00:00",R,UPS,GDE,"1Z776042YW00187025    ","2017-08-01 10:15:48"
853646845,093000549928,"2017-08-02 00:00:00",R,UPS,GDE,"1Z776042YW00186991    ","2017-08-01 10:37:48"
853646845,093000549928,"2017-08-02 00:00:00",R,UPS,GDE,"1Z776042YW00186991    ","2017-08-01 10:37:48"
853656272,093000577606,"2017-08-02 00:00:00",A,UPS,GD,"1Z7760420300187050    ","2017-08-01 14:13:48"
853659391,093000579296,"2017-08-02 00:00:00",R,UPS,GDE,"1Z776042YW00187061    ","2017-08-01 14:34:08"
853657555,093000578728,"2017-08-02 00:00:00",R,UPS,GDE,"1Z776042YW00187043    ","2017-08-01 14:41:48"
850731878,093000580824,"2017-08-02 00:00:00",R,UPS,GDE,"1Z776042YW00187070    ","2017-08-01 14:58:48"
853665104,093000583859,"2017-08-02 00:00:00",A,UPS,GD,"1Z7760420300187087    ","2017-08-01 16:43:18"
853667819,093000586641,"2017-08-02 00:00:00",A,UPS,GD,"1Z7760420300187096    ","2017-08-01 17:54:26"
853667819,093000586641,"2017-08-02 00:00:00",A,UPS,GD,"1Z7760420300187096    ","2017-08-01 17:54:26"
853667819,093000586641,"2017-08-02 00:00:00",A,UPS,GD,"1Z7760420300187096    ","2017-08-01 17:54:26"
853673166,093000590827,"2017-08-02 00:00:00",A,UPS,GD,"1Z7760420300187103    ","2017-08-01 19:56:18"
853673166,093000590827,"2017-08-02 00:00:00",A,UPS,GD,"1Z7760420300187103    ","2017-08-01 19:56:18"
853673166,093000590827,"2017-08-02 00:00:00",A,UPS,GD,"1Z7760420300187103    ","2017-08-01 19:56:18"
853673009,093000590698,"2017-08-02 00:00:00",A,UPS,GD,"1Z7760420300187112    ","2017-08-01 20:00:56"
853675103,093000591606,"2017-08-02 00:00:00",A,UPS,GD,"1Z7760420300187121    ","2017-08-01 20:16:48"
853675103,093000591606,"2017-08-02 00:00:00",A,UPS,GD,"1Z7760420300187121    ","2017-08-01 20:16:48"
853675103,093000591606,"2017-08-02 00:00:00",A,UPS,GD,"1Z7760420300187121    ","2017-08-01 20:16:48"
853674858,093000591371,"2017-08-02 00:00:00",R,UPS,GDE,"1Z776042YW00187132    ","2017-08-01 20:49:31"
853660238,093000595455,"2017-08-03 00:00:00",R,UPS,GDE,"1Z776042YW00187141    ","2017-08-01 22:02:26"
853697211,093001017684,"2017-08-03 00:00:00",R,UPS,GDE,"1Z776042YW00187150    ","2017-08-02 11:08:25"
853700752,093001020651,"2017-08-03 00:00:00",R,UPS,GDE,"1Z776042YW00187169    ","2017-08-02 12:36:14"
853702979,093001022612,"2017-08-03 00:00:00",R,UPS,GDE,"1Z776042YW00187178    ","2017-08-02 13:17:00"
853702831,093001022608,"2017-08-03 00:00:00",A,UPS,GD,"1Z7760420300187185    ","2017-08-02 13:36:48"
853702716,093001023145,"2017-08-03 00:00:00",R,UPS,GDE,"1Z776042YW00187196    ","2017-08-02 13:57:49"
853702716,093001023145,"2017-08-03 00:00:00",R,UPS,GDE,"1Z776042YW00187196    ","2017-08-02 13:57:49"
853708158,093001026180,"2017-08-03 00:00:00",R,UPS,GDE,"1Z776042YW00187203    ","2017-08-02 14:44:11"
853709108,093001026751,"2017-08-03 00:00:00",A,UPS,GD,"1Z7760420300187210    ","2017-08-02 14:49:38"
853498882,093001026014,"2017-08-03 00:00:00",A,UPS,GD,"1Z7760420300187229    ","2017-08-02 15:03:48"
853706444,093001027599,"2017-08-03 00:00:00",R,UPS,GDE,"1Z776042YW00187230    ","2017-08-02 15:22:19"
853709466,093001027923,"2017-08-03 00:00:00",A,UPS,GD,"1Z7760420300187247    ","2017-08-02 15:41:55"
853709466,093001027923,"2017-08-03 00:00:00",A,UPS,GD,"1Z7760420300187247    ","2017-08-02 15:41:55"
853709466,093001027923,"2017-08-03 00:00:00",A,UPS,GD,"1Z7760420300187247    ","2017-08-02 15:41:55"
853707027,093001028870,"2017-08-03 00:00:00",A,UPS,GD,"1Z7760420300187256    ","2017-08-02 16:14:49"
853719870,093001035843,"2017-08-03 00:00:00",A,UPS,GD,"1Z7760420300187265    ","2017-08-02 18:56:48"
853719782,093001036287,"2017-08-03 00:00:00",R,UPS,GDE,"1Z776042YW00187276    ","2017-08-02 19:27:18"
853723779,093001038581,"2017-08-03 00:00:00",A,UPS,GD,"1Z7760420300187283    ","2017-08-02 20:18:54"
853600256,093001043219,"2017-08-04 00:00:00",A,UPS,GD,"1Z7760420300187318    ","2017-08-02 22:23:49"
853600256,093001043219,"2017-08-04 00:00:00",A,UPS,GD,"1Z7760420300187318    ","2017-08-02 22:23:49"
853600256,093001043219,"2017-08-04 00:00:00",A,UPS,GD,"1Z7760420300187318    ","2017-08-02 22:23:49"
853600256,093001043219,"2017-08-04 00:00:00",A,UPS,GD,"1Z7760420300187318    ","2017-08-02 22:23:49"
853737462,093001049393,"2017-08-04 00:00:00",R,UPS,GDE,"1Z776042YW00187294    ","2017-08-03 02:21:28"
853745595,093001065543,"2017-08-04 00:00:00",R,UPS,GDE,"1Z776042YW00187329    ","2017-08-03 10:17:26"
853747666,093001066564,"2017-08-04 00:00:00",R,UPS,GDE,"1Z776042YW00187301    ","2017-08-03 10:50:05"
853744586,093001068813,"2017-08-04 00:00:00",A,UPS,GD,"1Z7760420300187336    ","2017-08-03 11:36:35"
853750719,093001068970,"2017-08-04 00:00:00",A,UPS,GD,"1Z7760420300187345    ","2017-08-03 11:50:26"
853750719,093001068970,"2017-08-04 00:00:00",A,UPS,GD,"1Z7760420300187345    ","2017-08-03 11:50:26"
853750719,093001068970,"2017-08-04 00:00:00",A,UPS,GD,"1Z7760420300187345    ","2017-08-03 11:50:26"
853750719,093001068970,"2017-08-04 00:00:00",A,UPS,GD,"1Z7760420300187345    ","2017-08-03 11:50:26"
853751335,093001069860,"2017-08-04 00:00:00",R,UPS,GDE,"1Z776042YW00187356    ","2017-08-03 12:10:56"
853730792,093001069978,"2017-08-04 00:00:00",A,UPS,GD,"1Z7760420300187363    ","2017-08-03 12:15:07"
853730792,093001069978,"2017-08-04 00:00:00",A,UPS,GD,"1Z7760420300187363    ","2017-08-03 12:15:07"
853730792,093001069978,"2017-08-04 00:00:00",A,UPS,GD,"1Z7760420300187363    ","2017-08-03 12:15:07"
853760815,093001077346,"2017-08-04 00:00:00",R,UPS,GDE,"1Z776042YW00187374    ","2017-08-03 15:15:05"
853763671,093001080927,"2017-08-04 00:00:00",R,UPS,GDE,"1Z776042YW00187383    ","2017-08-03 16:29:56"
853773820,093001087783,"2017-08-04 00:00:00",A,UPS,GD,"1Z7760420300187390    ","2017-08-03 18:48:05"
853776080,093001089785,"2017-08-04 00:00:00",A,UPS,GD,"1Z7760420300187407    ","2017-08-03 20:05:55"
853780011,093001092636,"2017-08-07 00:00:00",A,UPS,GD,"1Z7760420300187505    ","2017-08-03 21:16:25"
853783659,093001095530,"2017-08-07 00:00:00",R,UPS,GDE,"1Z776042YW00187516    ","2017-08-03 22:44:36"
853783659,093001095530,"2017-08-07 00:00:00",R,UPS,GDE,"1Z776042YW00187516    ","2017-08-03 22:44:36"
853789918,093001100221,"2017-08-07 00:00:00",A,UPS,GD,"1Z7760420300187498    ","2017-08-04 01:25:25"
995641269,093001102216,"2017-08-07 00:00:00",A,UPS,GD,"1Z7760420300187523    ","2017-08-04 04:39:25"
853797142,093001105959,"2017-08-07 00:00:00",A,UPS,GD,"1Z7760420300187489    ","2017-08-04 10:22:04"
853805810,093001141618,"2017-08-07 00:00:00",A,UPS,GD,"1Z7760420300187532    ","2017-08-04 12:30:04"
851262696,093001142235,"2017-08-07 00:00:00",R,UPS,GDE,"1Z776042YW00187543    ","2017-08-04 13:10:04"
853695110,093001016626,"2017-08-07 00:00:00",A,UPS,GD,"1Z7760420300187550    ","2017-08-04 14:07:25"
853811712,093001147207,"2017-08-07 00:00:00",R,UPS,GDE,"1Z776042YW00187561    ","2017-08-04 14:56:26"
853701678,093001021935,"2017-08-07 00:00:00",A,UPS,GD,"1Z7760420300187578    ","2017-08-04 16:17:25"
853821998,093001155863,"2017-08-07 00:00:00",A,UPS,GD,"1Z7760420300187587    ","2017-08-04 18:35:55"
853826592,093001158506,"2017-08-07 00:00:00",R,UPS,GDE,"1Z776042YW00187598    ","2017-08-04 19:43:04"
853847242,093001173058,"2017-08-07 00:00:00",A,UPS,GD,"1Z7760420300187603    ","2017-08-05 10:22:25"
853849833,093001174992,"2017-08-07 00:00:00",R,UPS,GDE,"1Z776042YW00187614    ","2017-08-05 11:22:34"
853849833,093001174992,"2017-08-07 00:00:00",R,UPS,GDE,"1Z776042YW00187614    ","2017-08-05 11:22:34"
853849833,093001174992,"2017-08-07 00:00:00",R,UPS,GDE,"1Z776042YW00187614    ","2017-08-05 11:22:34"
853854625,093001179077,"2017-08-07 00:00:00",A,UPS,GD,"1Z7760420300187621    ","2017-08-05 13:04:55"
853856520,093001180560,"2017-08-07 00:00:00",A,UPS,GD,"1Z7760420300187630    ","2017-08-05 14:00:55"
853861362,093001184803,"2017-08-07 00:00:00",A,UPS,GD,"1Z7760420300187649    ","2017-08-05 15:26:34"
853862560,093001185877,"2017-08-07 00:00:00",R,UPS,GDE,"1Z776042YW00187650    ","2017-08-05 15:56:34"
853862560,093001185877,"2017-08-07 00:00:00",R,UPS,GDE,"1Z776042YW00187650    ","2017-08-05 15:56:34"
853817301,093001188744,"2017-08-07 00:00:00",R,UPS,GDE,"1Z776042YW00187669    ","2017-08-05 16:52:57"
853817301,093001188744,"2017-08-07 00:00:00",R,UPS,GDE,"1Z776042YW00187669    ","2017-08-05 16:52:57"
853817301,093001188744,"2017-08-07 00:00:00",R,UPS,GDE,"1Z776042YW00187669    ","2017-08-05 16:52:57"
853817301,093001188744,"2017-08-07 00:00:00",R,UPS,GDE,"1Z776042YW00187669    ","2017-08-05 16:52:57"
853817301,093001188744,"2017-08-07 00:00:00",R,UPS,GDE,"1Z776042YW00187669    ","2017-08-05 16:52:57"
853817301,093001188744,"2017-08-07 00:00:00",R,UPS,GDE,"1Z776042YW00187669    ","2017-08-05 16:52:57"
853869188,093001201211,"2017-08-07 00:00:00",R,UPS,GDE,"1Z776042YW00187678    ","2017-08-05 17:25:02"
853872364,093001203763,"2017-08-07 00:00:00",R,UPS,GDE,"1Z776042YW00187687    ","2017-08-05 18:57:25"
853875227,093001206048,"2017-08-07 00:00:00",A,UPS,GD,"1Z7760420300187694    ","2017-08-05 20:00:55"
853876802,093001207026,"2017-08-07 00:00:00",R,UPS,GDE,"1Z776042YW00187703    ","2017-08-05 20:21:04"
853877205,093001207271,"2017-08-07 00:00:00",R,UPS,GDE,"1Z776042YW00187712    ","2017-08-05 20:50:49"
853881064,093001220757,"2017-08-07 00:00:00",A,UPS,GD,"1Z7760420300187765    ","2017-08-05 22:13:04"
853581748,093001221949,"2017-08-07 00:00:00",R,UPS,GDE,"1Z776042YW00187758    ","2017-08-05 23:00:04"
853581748,093001221949,"2017-08-07 00:00:00",R,UPS,GDE,"1Z776042YW00187758    ","2017-08-05 23:00:04"
853884680,093001223086,"2017-08-07 00:00:00",A,UPS,GD,"1Z7760420300187738    ","2017-08-05 23:56:55"
853884879,093001224207,"2017-08-07 00:00:00",A,UPS,GD,"1Z7760420300187729    ","2017-08-06 00:11:34"
853896637,093001232157,"2017-08-07 00:00:00",A,UPS,GD,"1Z7760420300187747    ","2017-08-06 10:57:34"
853903498,093001237834,"2017-08-07 00:00:00",A,UPS,GD,"1Z7760420300187774    ","2017-08-06 13:39:55"
853891687,093001243059,"2017-08-07 00:00:00",R,UPS,GDE,"1Z776042YW00187785    ","2017-08-06 15:00:56"
853906094,093001241600,"2017-08-07 00:00:00",A,UPS,GD,"1Z7760420300187792    ","2017-08-06 15:05:56"
853906094,093001241600,"2017-08-07 00:00:00",A,UPS,GD,"1Z7760420300187792    ","2017-08-06 15:05:56"
853906094,093001241600,"2017-08-07 00:00:00",A,UPS,GD,"1Z7760420300187792    ","2017-08-06 15:05:56"
853906094,093001241600,"2017-08-07 00:00:00",A,UPS,GD,"1Z7760420300187792    ","2017-08-06 15:05:56"
853907080,093001242611,"2017-08-07 00:00:00",A,UPS,GD,"1Z7760420300187809    ","2017-08-06 15:12:56"
853907080,093001242611,"2017-08-07 00:00:00",A,UPS,GD,"1Z7760420300187809    ","2017-08-06 15:12:56"
853907080,093001242611,"2017-08-07 00:00:00",A,UPS,GD,"1Z7760420300187809    ","2017-08-06 15:12:56"
853907080,093001242611,"2017-08-07 00:00:00",A,UPS,GD,"1Z7760420300187809    ","2017-08-06 15:12:56"
853907080,093001242611,"2017-08-07 00:00:00",A,UPS,GD,"1Z7760420300187809    ","2017-08-06 15:12:56"
853911244,093001245240,"2017-08-07 00:00:00",R,UPS,GDE,"1Z776042YW00187810    ","2017-08-06 16:03:04"
853909042,093001246240,"2017-08-07 00:00:00",R,UPS,GDE,"1Z776042YW00187829    ","2017-08-06 16:26:35"
853914918,093001247467,"2017-08-07 00:00:00",R,UPS,GDE,"1Z776042YW00187838    ","2017-08-06 16:27:36"
853935833,093001266547,"2017-08-08 00:00:00",R,UPS,GDE,"1Z776042YW00187945    ","2017-08-07 00:48:34"
853936573,093001266743,"2017-08-08 00:00:00",A,UPS,GD,"1Z7760420300187916    ","2017-08-07 01:01:56"
853936573,093001266743,"2017-08-08 00:00:00",A,UPS,GD,"1Z7760420300187916    ","2017-08-07 01:01:56"
853936573,093001266743,"2017-08-08 00:00:00",A,UPS,GD,"1Z7760420300187916    ","2017-08-07 01:01:56"
853936573,093001266743,"2017-08-08 00:00:00",A,UPS,GD,"1Z7760420300187916    ","2017-08-07 01:01:56"
853943487,093001281927,"2017-08-08 00:00:00",R,UPS,GDE,"1Z776042YW00187981    ","2017-08-07 09:33:04"
853944717,093001282277,"2017-08-08 00:00:00",A,UPS,GD,"1Z7760420300188004    ","2017-08-07 10:07:34"
853955831,093001291075,"2017-08-08 00:00:00",A,UPS,GD,"1Z7760420300187934    ","2017-08-07 14:06:56"
853955831,093001291075,"2017-08-08 00:00:00",A,UPS,GD,"1Z7760420300187934    ","2017-08-07 14:06:56"
853955831,093001291075,"2017-08-08 00:00:00",A,UPS,GD,"1Z7760420300187934    ","2017-08-07 14:06:56"
853955831,093001291075,"2017-08-08 00:00:00",A,UPS,GD,"1Z7760420300187934    ","2017-08-07 14:06:56"
853961739,093001297007,"2017-08-08 00:00:00",A,UPS,GD,"1Z7760420300187970    ","2017-08-07 15:54:04"
853961739,093001297007,"2017-08-08 00:00:00",A,UPS,GD,"1Z7760420300187970    ","2017-08-07 15:54:04"
853962642,093001297714,"2017-08-08 00:00:00",A,UPS,GD,"1Z7760420300188013    ","2017-08-07 16:10:56"
853970426,093001302774,"2017-08-08 00:00:00",A,UPS,GD,"1Z7760420300187925    ","2017-08-07 18:23:56"
853970426,093001302774,"2017-08-08 00:00:00",A,UPS,GD,"1Z7760420300187925    ","2017-08-07 18:23:56"
853970426,093001302774,"2017-08-08 00:00:00",A,UPS,GD,"1Z7760420300187925    ","2017-08-07 18:23:56"
853970426,093001302774,"2017-08-08 00:00:00",A,UPS,GD,"1Z7760420300187925    ","2017-08-07 18:23:56"
853970426,093001302774,"2017-08-08 00:00:00",A,UPS,GD,"1Z7760420300187925    ","2017-08-07 18:23:56"
853970426,093001302774,"2017-08-08 00:00:00",A,UPS,GD,"1Z7760420300187925    ","2017-08-07 18:23:56"
853969901,093001302945,"2017-08-08 00:00:00",A,UPS,GD,"1Z7760420300187961    ","2017-08-07 18:24:56"
853973135,093001305267,"2017-08-08 00:00:00",R,UPS,GDE,"1Z776042YW00187990    ","2017-08-07 19:25:26"
853973135,093001305267,"2017-08-08 00:00:00",R,UPS,GDE,"1Z776042YW00187990    ","2017-08-07 19:25:26"
853972769,093001305186,"2017-08-08 00:00:00",R,UPS,GDE,"1Z776042YW00187954    ","2017-08-07 19:32:26"
853984239,093001314417,"2017-08-08 00:00:00",A,UPS,GD,"1Z7760420300187863    ","2017-08-07 23:10:04"
853984239,093001314417,"2017-08-08 00:00:00",A,UPS,GD,"1Z7760420300187863    ","2017-08-07 23:10:04"
853964354,093001298096,"2017-08-08 00:00:00",A,UPS,GD,"1Z7760420300187881    ","2017-08-08 10:07:53"
853964354,093001298096,"2017-08-08 00:00:00",A,UPS,GD,"1Z7760420300187881    ","2017-08-08 10:07:53"
853964354,093001298096,"2017-08-08 00:00:00",A,UPS,GD,"1Z7760420300187881    ","2017-08-08 10:07:53"
853964354,093001298096,"2017-08-08 00:00:00",A,UPS,GD,"1Z7760420300187881    ","2017-08-08 10:07:53"
853964354,093001298096,"2017-08-08 00:00:00",A,UPS,GD,"1Z7760420300187881    ","2017-08-08 10:07:53"
853964354,093001298096,"2017-08-08 00:00:00",A,UPS,GD,"1Z7760420300187881    ","2017-08-08 10:07:53"
853964354,093001298096,"2017-08-08 00:00:00",A,UPS,GD,"1Z7760420300187881    ","2017-08-08 10:07:53"
844986063,093001353365,"2017-08-08 00:00:00",A,UPS,GD,"1Z7760420300187907    ","2017-08-08 10:19:52"
853998393,093001355353,"2017-08-08 00:00:00",R,UPS,GDE,"1Z776042YW00187874    ","2017-08-08 10:52:22"
853999725,093001355864,"2017-08-08 00:00:00",A,UPS,GD,"1Z7760420300187890    ","2017-08-08 11:11:22"
